{
  "num_evaluated_unknown": 20732,
  "num_true_unknown_classes": 6,
  "num_predicted_clusters": 6,
  "nmi": 0.99953976740348,
  "ari": 0.999758253765843,
  "purity": 0.9999035307736832,
  "hungarian_accuracy": 0.9999035307736832,
  "method": "unknown_only_gmm_full_direct",
  "feature_mode": "embedding_iq_stats",
  "clustering_backend": "gmm_full_direct",
  "use_known_prototype_anchors": false,
  "resolved_num_clusters": 6,
  "target_num_clusters": 6,
  "fit_num_clusters": 9,
  "overcluster_extra_clusters": 3,
  "overcluster_extra_candidates": [
    0,
    1,
    2,
    3
  ],
  "auto_selected_overcluster_extra_clusters": 3,
  "m_selection_mode": "offline_min_gain",
  "m_selection_min_quality_gain": 0.01,
  "m_selection_offline_quality": 0.9997762706791724,
  "m_selection_offline_coverage": 0.8638333333333333,
  "m_selection_offline_adjusted_quality": 0.8636400684883584,
  "m_selection_offline_nmi": 0.99953976740348,
  "m_selection_offline_ari": 0.999758253765843,
  "m_selection_offline_purity": 0.9999035307736832,
  "m_selection_offline_hungarian_accuracy": 0.9999035307736832,
  "m_selection_score": 0.9979943748788828,
  "m_selection_target_penalty": 0,
  "m_selection_uncertain_ratio": 0.11267003165369151,
  "m_selection_cluster_balance": 0.7933860393366756,
  "m_selection_gmm_mean_confidence": 0.9983089092750265,
  "m_selection_gmm_bic": -3313613.625256629,
  "direct_confidence_quantile": 0.05,
  "direct_min_cluster_size": 800,
  "selected_unknown_cache_size": 23378,
  "uncertain_size": 2634,
  "uncertain_ratio": 0.11267003165369151,
  "nearest_known_proto_distance_mean": 0.549094021320343,
  "nearest_known_proto_distance_min": 0.13149823248386383,
  "unknown_cache_precision": 0.992813756523227,
  "unknown_cache_recall": 0.9670833333333333,
  "coverage_of_selected_true_unknown": 0.8932356742783283,
  "coverage_of_total_test_unknown": 0.8638333333333333,
  "suspected_known_noise_size": 2634,
  "cluster_size_min": 2743,
  "cluster_size_max": 3964,
  "cluster_size_mean": 3457.3333333333335,
  "gmm_bic": -3313613.625256629,
  "gmm_aic": -3658368.9654936916,
  "gmm_lower_bound": 80.07310868593386,
  "gmm_mean_confidence": 0.9983089092750265,
  "gmm_median_confidence": 0.9999999999926814
}