{
  "fusion_lambda": 0.0,
  "threshold": null,
  "thresholds_per_class": [
    0.6269838362932205,
    0.7965542394181956,
    0.8168476664501688,
    0.5821195685345194,
    0.7403030654658447,
    0.7,
    0.8,
    0.784220429023971,
    0.7988073414434557,
    0.6,
    0.7200563526542292,
    0.7847214341163635,
    0.7643803155551788,
    0.75,
    0.8824194573319477,
    0.8
  ],
  "threshold_mode": "classwise_balanced",
  "threshold_quantile": null,
  "fusion_mode": "linear",
  "score_calibration": {
    "mode": "none"
  },
  "known_rescue": {
    "enabled": false
  },
  "metrics": {
    "overall_accuracy": 0.9019194756554307,
    "macro_precision": 0.8478073566243771,
    "macro_recall": 0.9023081157596728,
    "macro_f1": 0.8654481133637422,
    "weighted_f1": 0.9080489668865318,
    "known_accuracy": 0.90234375,
    "unknown_precision": 0.9557208643287283,
    "unknown_recall": 0.9017379679144385,
    "known_fpr_as_unknown": 0.09765625,
    "unknown_false_accept_rate": 0.0982620320855615,
    "auroc": 0.9423339843749999,
    "fpr95": 0.18125,
    "oscr": 0.8875967423546123
  }
}