{
  "overall_accuracy": 0.9791118421052631,
  "macro_precision": 0.9984837450303847,
  "macro_recall": 0.9066176470588236,
  "macro_f1": 0.949684181592382,
  "weighted_f1": 0.9786092247081303,
  "known_accuracy": 0.90078125,
  "unknown_precision": 0.9742236655165415,
  "unknown_recall": 1.0,
  "known_fpr_as_unknown": 0.09921875,
  "unknown_false_accept_rate": 0.0,
  "auroc": 0.9989258829752604,
  "fpr95": 0.001953125,
  "oscr": 0.90075146484375,
  "threshold_strategy_used": "classwise_balanced",
  "threshold_mode": "classwise_balanced",
  "threshold": null,
  "threshold_quantile": null,
  "score_calibration_mode": "none",
  "known_rescue_enabled": false,
  "number_of_tx": 28,
  "number_of_rx_used": 1,
  "rx_mode": "fixed",
  "rx_used": [
    "1-1"
  ],
  "known_tx_list": [
    "13-3",
    "20-7",
    "7-10",
    "6-15",
    "3-13",
    "11-4",
    "8-3",
    "7-11",
    "15-1",
    "3-18",
    "4-11",
    "14-7",
    "11-7",
    "5-5",
    "11-1",
    "1-11"
  ],
  "unknown_tx_list": [
    "20-19",
    "6-1",
    "2-19",
    "16-16",
    "20-15",
    "8-20",
    "10-7",
    "11-17",
    "8-18",
    "10-11",
    "20-12",
    "14-10"
  ],
  "known_classes": 16,
  "unknown_classes": 12,
  "train_sample_count": 8960,
  "val_sample_count": 1280,
  "test_known_sample_count": 2560,
  "test_unknown_sample_count": 9600,
  "split_file": "D:\\learn_pytorch\\笔记\\方案\\os_sei_code\\data\\splits\\wisig\\single_day_rx1_eq0\\wisig_single_day_rx1_eq0_k16_u12_seed42.json",
  "output_dir": "D:\\learn_pytorch\\笔记\\方案\\os_sei_code\\ablations\\01_模块消融\\wisig\\openmax_calibration",
  "thresholds_per_class": [
    0.6269838362932205,
    0.7965542394181956,
    0.8168476664501688,
    0.5821195685345194,
    0.7403030654658447,
    0.7,
    0.8,
    0.784220429023971,
    0.7988073414434557,
    0.6,
    0.7200563526542292,
    0.7847214341163635,
    0.7643803155551788,
    0.75,
    0.8824194573319477,
    0.8
  ]
}