{
  "overall_accuracy": 0.21011513157894737,
  "macro_precision": 0.5711939461963826,
  "macro_recall": 0.9393382352941176,
  "macro_f1": 0.6120623391579579,
  "weighted_f1": 0.13690868112743798,
  "known_accuracy": 0.998046875,
  "unknown_precision": 0.0,
  "unknown_recall": 0.0,
  "known_fpr_as_unknown": 0.0,
  "unknown_false_accept_rate": 1.0,
  "auroc": 0.9832904866536458,
  "fpr95": 0.1265625,
  "oscr": 0.9828382161458333,
  "threshold_strategy_used": "none_closed_set",
  "threshold_mode": "none",
  "known_classes": 16,
  "test_known_sample_count": 2560,
  "test_unknown_sample_count": 9600,
  "output_dir": "D:\\learn_pytorch\\笔记\\方案\\os_sei_code\\ablations\\01_模块消融\\wisig\\closed_set_only"
}