{
  "overall_accuracy": 0.9435855263157895,
  "macro_precision": 0.8386712532923659,
  "macro_recall": 0.8605882352941177,
  "macro_f1": 0.8384422721563592,
  "weighted_f1": 0.9362142504376549,
  "known_accuracy": 0.85390625,
  "unknown_precision": 0.9612916580418133,
  "unknown_recall": 0.9675,
  "known_fpr_as_unknown": 0.14609375,
  "unknown_false_accept_rate": 0.0325,
  "auroc": 0.9832904866536458,
  "fpr95": 0.1265625,
  "oscr": 0.8503238932291668,
  "threshold_strategy_used": "global_confidence_known_quantile",
  "threshold_mode": "global_confidence_known_quantile",
  "threshold": 0.6952010869979859,
  "threshold_quantile": 0.85,
  "known_classes": 16,
  "known_val_sample_count": 1280,
  "test_known_sample_count": 2560,
  "test_unknown_sample_count": 9600,
  "output_dir": "D:\\learn_pytorch\\笔记\\方案\\os_sei_code\\ablations\\01_模块消融\\wisig\\closed_set_only"
}