{
  "fusion_lambda": 0.2,
  "threshold": 0.94,
  "thresholds_per_class": null,
  "threshold_mode": "manual_global",
  "threshold_quantile": null,
  "fusion_mode": "linear",
  "score_calibration": {
    "mode": "none"
  },
  "known_rescue": {
    "enabled": false
  },
  "metrics": {
    "overall_accuracy": 0.4735486891385768,
    "macro_precision": 0.40815223670824297,
    "macro_recall": 0.9450495438817238,
    "macro_f1": 0.529040862052204,
    "weighted_f1": 0.4428909101454423,
    "known_accuracy": 0.98828125,
    "unknown_precision": 0.9805950840879689,
    "unknown_recall": 0.2533422459893048,
    "known_fpr_as_unknown": 0.01171875,
    "unknown_false_accept_rate": 0.7466577540106952,
    "auroc": 0.9457874644886364,
    "fpr95": 0.16953125,
    "oscr": 0.9436138295872326
  }
}