{
  "fusion_lambda": 1.0,
  "threshold": 0.45,
  "thresholds_per_class": null,
  "threshold_mode": "global",
  "threshold_quantile": null,
  "fusion_mode": "linear",
  "metrics": {
    "overall_accuracy": 0.2977959652523512,
    "macro_precision": 0.3255741793225868,
    "macro_recall": 0.8646414543257127,
    "macro_f1": 0.4014145387951533,
    "weighted_f1": 0.1738958932066223,
    "known_accuracy": 0.9475,
    "unknown_precision": 0.7584745762711864,
    "unknown_recall": 0.03605599758283815,
    "known_fpr_as_unknown": 0.0285,
    "unknown_false_accept_rate": 0.9639440024171618,
    "auroc": 0.5312472177459966,
    "fpr95": 0.958,
    "oscr": 0.5260095805217041
  }
}
