{
  "overall_accuracy": 0.67975,
  "macro_precision": 0.7896479215792176,
  "macro_recall": 0.9112007575757576,
  "macro_f1": 0.7908174685835276,
  "weighted_f1": 0.7528495634633602,
  "known_accuracy": 0.943125,
  "unknown_precision": 0.9812819450200304,
  "unknown_recall": 0.5919583333333334,
  "known_fpr_as_unknown": 0.033875,
  "unknown_false_accept_rate": 0.4080416666666667,
  "auroc": 0.9520171666666667,
  "fpr95": 0.15725,
  "oscr": 0.9209672864583334
}
