{
  "num_evaluated_unknown": 21947,
  "num_true_unknown_classes": 6,
  "num_predicted_clusters": 6,
  "nmi": 0.8678196830591215,
  "ari": 0.8299740824433606,
  "purity": 0.9133822390303914,
  "hungarian_accuracy": 0.9133822390303914,
  "method": "unknown_only_gmm_full_direct",
  "feature_mode": "embedding",
  "clustering_backend": "gmm_full_direct",
  "use_known_prototype_anchors": false,
  "resolved_num_clusters": 6,
  "target_num_clusters": 6,
  "fit_num_clusters": 9,
  "overcluster_extra_clusters": 3,
  "overcluster_extra_candidates": [
    0,
    1,
    2,
    3
  ],
  "auto_selected_overcluster_extra_clusters": 3,
  "m_selection_mode": "offline_min_gain",
  "m_selection_min_quality_gain": 0.01,
  "m_selection_offline_quality": 0.8811395608908162,
  "m_selection_offline_coverage": 0.9144583333333334,
  "m_selection_offline_adjusted_quality": 0.805765414286281,
  "m_selection_offline_nmi": 0.8678196830591215,
  "m_selection_offline_ari": 0.8299740824433606,
  "m_selection_offline_purity": 0.9133822390303914,
  "m_selection_offline_hungarian_accuracy": 0.9133822390303914,
  "m_selection_score": 1.0117144644577125,
  "m_selection_target_penalty": 0,
  "m_selection_uncertain_ratio": 0.058134063395645294,
  "m_selection_cluster_balance": 0.6294849668453084,
  "m_selection_gmm_mean_confidence": 0.9898076336202334,
  "m_selection_gmm_bic": -10042376.92648171,
  "direct_confidence_quantile": 0.05,
  "direct_min_cluster_size": 800,
  "selected_unknown_cache_size": 23377,
  "uncertain_size": 1359,
  "uncertain_ratio": 0.058134063395645294,
  "nearest_known_proto_distance_mean": 0.5493361353874207,
  "nearest_known_proto_distance_min": 0.13149823248386383,
  "unknown_cache_precision": 0.9928134491166531,
  "unknown_cache_recall": 0.9670416666666667,
  "coverage_of_selected_true_unknown": 0.9456245422034556,
  "coverage_of_total_test_unknown": 0.9144583333333334,
  "suspected_known_noise_size": 1359,
  "cluster_size_min": 2310,
  "cluster_size_max": 4694,
  "cluster_size_mean": 3669.6666666666665,
  "gmm_bic": -10042376.92648171,
  "gmm_aic": -10387130.436925167,
  "gmm_lower_bound": 223.99470327555818,
  "gmm_mean_confidence": 0.9898076336202334,
  "gmm_median_confidence": 0.9999999998697433
}