{
  "num_evaluated_unknown": 9599,
  "num_true_unknown_classes": 12,
  "num_predicted_clusters": 12,
  "nmi": 0.9978030821764358,
  "ari": 0.9984090694677217,
  "purity": 0.9992707573705595,
  "hungarian_accuracy": 0.9992707573705595,
  "method": "unknown_only_gmm_full_direct",
  "feature_mode": "embedding",
  "clustering_backend": "gmm_full_direct",
  "use_known_prototype_anchors": false,
  "resolved_num_clusters": 12,
  "target_num_clusters": 12,
  "fit_num_clusters": 12,
  "overcluster_extra_clusters": 0,
  "overcluster_extra_candidates": [
    0,
    1,
    2,
    3
  ],
  "auto_selected_overcluster_extra_clusters": 0,
  "m_selection_mode": "offline_min_gain",
  "m_selection_min_quality_gain": 0.01,
  "m_selection_offline_quality": 0.998688416596319,
  "m_selection_offline_coverage": 0.9998958333333333,
  "m_selection_offline_adjusted_quality": 0.9985843865529236,
  "m_selection_offline_nmi": 0.9978030821764358,
  "m_selection_offline_ari": 0.9984090694677217,
  "m_selection_offline_purity": 0.9992707573705595,
  "m_selection_offline_hungarian_accuracy": 0.9992707573705595,
  "m_selection_score": 1.332171392545639,
  "m_selection_target_penalty": 0,
  "m_selection_uncertain_ratio": 0.00010379904504878556,
  "m_selection_cluster_balance": 0.9940828402366864,
  "m_selection_gmm_mean_confidence": 0.9999999999999855,
  "m_selection_gmm_bic": -3706081.8923870283,
  "direct_confidence_quantile": 0.1,
  "direct_min_cluster_size": 160,
  "selected_unknown_cache_size": 9634,
  "uncertain_size": 1,
  "uncertain_ratio": 0.00010379904504878556,
  "nearest_known_proto_distance_mean": 0.3776792287826538,
  "nearest_known_proto_distance_min": 0.040441952645778656,
  "unknown_cache_precision": 0.9964708324683413,
  "unknown_cache_recall": 1.0,
  "coverage_of_selected_true_unknown": 0.9998958333333333,
  "coverage_of_total_test_unknown": 0.9998958333333333,
  "suspected_known_noise_size": 1,
  "cluster_size_min": 798,
  "cluster_size_max": 808,
  "cluster_size_mean": 802.75,
  "gmm_bic": -3706081.8923870283,
  "gmm_aic": -4115197.0151394196,
  "gmm_lower_bound": 219.4969387138997,
  "gmm_mean_confidence": 0.9999999999999855,
  "gmm_median_confidence": 1.0
}