{
  "num_evaluated_unknown": 22076,
  "num_true_unknown_classes": 6,
  "num_predicted_clusters": 6,
  "nmi": 0.7478712871317418,
  "ari": 0.6140268960316684,
  "purity": 0.6948722594672948,
  "hungarian_accuracy": 0.6875339735459323,
  "method": "unknown_only_gmm_full_direct",
  "feature_mode": "iq_stats",
  "clustering_backend": "gmm_full_direct",
  "use_known_prototype_anchors": false,
  "resolved_num_clusters": 6,
  "target_num_clusters": 6,
  "fit_num_clusters": 6,
  "overcluster_extra_clusters": 0,
  "overcluster_extra_candidates": [
    0,
    1,
    2,
    3
  ],
  "auto_selected_overcluster_extra_clusters": 0,
  "m_selection_mode": "offline_min_gain",
  "m_selection_min_quality_gain": 0.01,
  "m_selection_offline_quality": 0.6860761040441594,
  "m_selection_offline_coverage": 0.9198333333333333,
  "m_selection_offline_adjusted_quality": 0.631075669703286,
  "m_selection_offline_nmi": 0.7478712871317418,
  "m_selection_offline_ari": 0.6140268960316684,
  "m_selection_offline_purity": 0.6948722594672948,
  "m_selection_offline_hungarian_accuracy": 0.6875339735459323,
  "m_selection_score": 1.012763041425568,
  "m_selection_target_penalty": 0,
  "m_selection_uncertain_ratio": 0.050006416563288705,
  "m_selection_cluster_balance": 0.7489193083573487,
  "m_selection_gmm_mean_confidence": 0.9999417011817662,
  "m_selection_gmm_bic": 1133363.1006261054,
  "direct_confidence_quantile": 0.05,
  "direct_min_cluster_size": 800,
  "selected_unknown_cache_size": 23377,
  "uncertain_size": 1169,
  "uncertain_ratio": 0.050006416563288705,
  "nearest_known_proto_distance_mean": 0.5489965677261353,
  "nearest_known_proto_distance_min": 0.13149823248386383,
  "unknown_cache_precision": 0.9928134491166531,
  "unknown_cache_recall": 0.9670416666666667,
  "coverage_of_selected_true_unknown": 0.9511827308371752,
  "coverage_of_total_test_unknown": 0.9198333333333333,
  "suspected_known_noise_size": 1169,
  "cluster_size_min": 2772,
  "cluster_size_max": 4114,
  "cluster_size_mean": 3701.3333333333335,
  "gmm_bic": 1133363.1006261054,
  "gmm_aic": 1071715.924607263,
  "gmm_lower_bound": -22.595406681394078,
  "gmm_mean_confidence": 0.9999417011817662,
  "gmm_median_confidence": 1.0
}