{
  "overall_accuracy": 0.918875,
  "macro_precision": 0.8678240806728671,
  "macro_recall": 0.9206325757575758,
  "macro_f1": 0.8784518426313522,
  "weighted_f1": 0.929400371757202,
  "known_accuracy": 0.920875,
  "unknown_precision": 0.9813412896330602,
  "unknown_recall": 0.9182083333333333,
  "known_fpr_as_unknown": 0.052375,
  "unknown_false_accept_rate": 0.08179166666666667,
  "auroc": 0.9552554218749999,
  "fpr95": 0.143875,
  "oscr": 0.8990635208333333
}
