{
  "fusion_lambda": 0.0,
  "threshold": null,
  "thresholds_per_class": [
    0.5218265503644944,
    0.5090369701385498,
    0.5614236794088199,
    0.4826212915389434,
    0.6437951458537059,
    0.684413563557293,
    0.5454933464527131,
    0.6375355839729309,
    0.509152020967525,
    0.5159615722687347
  ],
  "threshold_mode": "classwise_balanced",
  "threshold_quantile": null,
  "fusion_mode": "linear",
  "score_calibration": {
    "mode": "none"
  },
  "known_rescue": {
    "enabled": false
  },
  "metrics": {
    "overall_accuracy": 0.6808740027312585,
    "macro_precision": 0.5387679613087539,
    "macro_recall": 0.8543750401217868,
    "macro_f1": 0.6371836807404669,
    "weighted_f1": 0.7000455572606683,
    "known_accuracy": 0.87975,
    "unknown_precision": 0.9275588097834554,
    "unknown_recall": 0.600625441339655,
    "known_fpr_as_unknown": 0.11625,
    "unknown_false_accept_rate": 0.399374558660345,
    "auroc": 0.8869512256632704,
    "fpr95": 0.32025,
    "oscr": 0.8482985221426409
  }
}