{
  "fusion_lambda": 0.4,
  "threshold": null,
  "thresholds_per_class": [
    0.65,
    0.9873341640896314,
    0.9882900277346601,
    0.65,
    0.9709155504945216,
    0.9855812168361772,
    0.9960209458031888,
    0.9389326256511633,
    0.9812200918502747,
    0.9968506632478602
  ],
  "threshold_mode": "classwise_joint",
  "threshold_quantile": null,
  "fusion_mode": "linear",
  "score_calibration": {
    "mode": "classwise_z",
    "means": [
      0.32667556405067444,
      0.33838891983032227,
      0.33649611473083496,
      0.3472389876842499,
      0.34659895300865173,
      0.33108198642730713,
      0.3441166579723358,
      0.3493863046169281,
      0.3483927547931671,
      0.3182729482650757
    ],
    "sigmas": [
      0.10504292858934403,
      0.1236313374171257,
      0.12019527865743637,
      0.04907006932592392,
      0.1462613062391281,
      0.12998657090759277,
      0.10887224389410019,
      0.12902684671974182,
      0.07614174647426605,
      0.09174974424934387
    ],
    "counts": [
      382,
      396,
      404,
      400,
      403,
      378,
      415,
      418,
      404,
      400
    ],
    "fallback_mean": 0.33884304761886597,
    "fallback_sigma": 0.11187154216861725
  },
  "known_rescue": {
    "enabled": false
  },
  "metrics": {
    "overall_accuracy": 0.39890749658592684,
    "macro_precision": 0.3828068768102464,
    "macro_recall": 0.8888453637555827,
    "macro_f1": 0.46570651373715727,
    "weighted_f1": 0.3467580360747875,
    "known_accuracy": 0.9605,
    "unknown_precision": 0.9510022271714922,
    "unknown_recall": 0.17229900131140927,
    "known_fpr_as_unknown": 0.022,
    "unknown_false_accept_rate": 0.8277009986885907,
    "auroc": 0.8889910218904469,
    "fpr95": 0.27075,
    "oscr": 0.8785784575809543
  }
}