{
  "overall_accuracy": 0.90675,
  "macro_precision": 0.83526283694022,
  "macro_recall": 0.950909090909091,
  "macro_f1": 0.8685791113014609,
  "weighted_f1": 0.9183230908096217,
  "known_accuracy": 0.957,
  "unknown_precision": 0.9896677940972062,
  "unknown_recall": 0.89,
  "known_fpr_as_unknown": 0.027875,
  "unknown_false_accept_rate": 0.11,
  "auroc": 0.9870036796874999,
  "fpr95": 0.035625,
  "oscr": 0.9522035286458332,
  "threshold_strategy_used": "classwise_joint",
  "threshold_mode": "classwise_joint",
  "threshold": null,
  "threshold_quantile": null,
  "score_calibration_mode": "classwise_z",
  "known_rescue_enabled": false,
  "number_of_tx": 16,
  "number_of_rx_used": "N/A",
  "rx_mode": "not_applicable",
  "rx_used": [
    "N/A"
  ],
  "known_tx_list": [
    "1",
    "2",
    "3",
    "4",
    "5",
    "7",
    "9",
    "13",
    "14",
    "15"
  ],
  "unknown_tx_list": [
    "17",
    "18",
    "19",
    "25",
    "26",
    "32"
  ],
  "known_classes": 10,
  "unknown_classes": 6,
  "train_sample_count": 28000,
  "val_sample_count": 4000,
  "test_known_sample_count": 8000,
  "test_unknown_sample_count": 24000,
  "split_file": "D:\\learn_pytorch\\笔记\\方案\\os_sei_code\\data\\splits\\oracle\\oracle_main_sorted_k10_u6.json",
  "output_dir": "D:\\learn_pytorch\\笔记\\方案\\os_sei_code\\outputs\\oracle_kri16_demod_known_first",
  "thresholds_per_class": [
    0.65,
    0.9873341640896314,
    0.9882900277346601,
    0.65,
    0.9709155504945216,
    0.9855812168361772,
    0.9960209458031888,
    0.9389326256511633,
    0.9812200918502747,
    0.9968506632478602
  ]
}