method,nmi,ari,hungarian_accuracy,coverage_of_total_test_unknown,unknown_cache_precision,unknown_cache_recall,resolved_num_clusters
OpenRFI,0.931928097386678,0.9099377073237955,0.9301960784313725,0.85,,,
PCBM (ours),0.9988159321232524,0.9992634945241701,0.9997179258144893,0.8862916666666667,0.9928134491166531,0.9670416666666667,6
