method,overall_accuracy,known_accuracy,unknown_precision,unknown_recall,macro_f1,auroc,fpr95,oscr
Softmax,0.63584375,0.934125,0.9670247126868474,0.5364166666666667,0.721127059477836,0.9009059791666667,0.464875,0.8763192786458334
OpenMax,0.864,0.795875,0.9296260702428796,0.8867083333333333,0.8042557471842177,0.9006863124999999,0.318625,0.7797450703125
HyperRSI,0.89446875,0.8915,0.962642777155655,0.8954583333333334,0.8669235414870318,0.9514772942708334,0.18675,0.8781046380208333
HyDRA,0.8246875,0.8825,0.9536730968474024,0.8054166666666667,0.826453646421271,0.9048144557291666,0.478375,0.8380933307291667
OpenRFI,0.93415625,0.899625,0.9658283331205583,0.9456666666666667,0.9057245857266487,0.9695276536458333,0.14675,0.8786490312499999
ARPL,0.88559375,0.89375,0.9667837751517088,0.882875,0.854295574953591,0.9327645833333333,0.6325,0.8411563151041667
PCBM (ours),0.9661875,0.963625,0.9928134491166531,0.9670416666666667,0.9369046213998843,0.9868361406250001,0.035375,0.9574822630208333
