method,unknown_recall,known_accuracy,unknown_precision,macro_f1,auroc,fpr95,oscr
Softmax,0.5364166666666667,0.934125,0.9670247126868474,0.721127059477836,0.9009059791666667,0.464875,0.8763192786458334
OpenMax,0.8867083333333333,0.795875,0.9296260702428796,0.8042557471842177,0.9006863124999999,0.318625,0.7797450703125
HyperRSI,0.8954583333333334,0.8915,0.962642777155655,0.8669235414870318,0.9514772942708334,0.18675,0.8781046380208333
HyDRA,0.8054166666666667,0.8825,0.9536730968474024,0.826453646421271,0.9048144557291666,0.478375,0.8380933307291667
OpenRFI,0.9456666666666667,0.899625,0.9658283331205583,0.9057245857266487,0.9695276536458333,0.14675,0.8786490312499999
ARPL,0.882875,0.89375,0.9667837751517088,0.854295574953591,0.9327645833333333,0.6325,0.8411563151041667
PCBM (ours),0.9651666666666666,0.9455,0.9852409510441921,0.9280577936207467,0.9813703932291666,0.051125,0.9415499557291668
