method,nmi,ari,purity,hungarian_accuracy,coverage_of_total_test_unknown,unknown_cache_precision,unknown_cache_recall,resolved_num_clusters
OpenRFI,0.931928097386678,0.9099377073237955,0.9829901960784314,0.9301960784313725,0.85,,,
PCBM (ours),0.9991124238157804,0.9994693291227664,0.9998014592743336,0.9998014592743336,0.8394583333333333,0.9928134491166531,0.9670416666666667,6
