method,nmi,ari,hungarian_accuracy,coverage_of_total_test_unknown
K-means,0.917103,0.806523,0.815104,1.000000
HDBSCAN,0.963178,0.933374,0.922617,0.975938
OpenRFI,0.981091,0.967620,0.962254,0.924479
PCBM (ours),0.998125,0.998637,0.999375,1.000000
