method,unknown_recall,known_accuracy,unknown_precision,macro_f1,auroc,fpr95,oscr
Softmax,0.90625,0.952734375,0.9863945578231292,0.916164074431338,0.9400709228515625,0.688671875,0.8996141357421874
OpenMax,0.9979166666666667,0.89921875,0.973775157552348,0.9286241048192656,0.9884737752278646,0.02578125,0.8990385945638022
HyperRSI,1.0,0.894140625,0.9725458413534597,0.9392718990236922,0.9986705322265625,0.003125,0.894111857096354
HyDRA,1.0,0.900390625,0.974124809741248,0.9461361852250219,0.9989888509114584,0.005078125,0.9003608805338542
OpenRFI,0.9244791666666666,0.900390625,0.9720700985761227,0.89164458591629,0.9781038818359375,0.2015625,0.8880714314778646
ARPL,1.0,0.899609375,0.973927158364614,0.9486429778721782,0.9926537272135416,0.021875,0.8995793050130207
PCBM (ours),1.0,0.98671875,0.9964708324683413,0.9935536101681589,0.9959524943033854,0.0109375,0.9866844482421876
