{
  "overall_accuracy": 0.96515625,
  "macro_precision": 0.9793826828165635,
  "macro_recall": 0.8858181818181818,
  "macro_f1": 0.9292706879348923,
  "weighted_f1": 0.9644198622361898,
  "known_accuracy": 0.874875,
  "unknown_precision": 0.9608592461482762,
  "unknown_recall": 0.99525,
  "known_fpr_as_unknown": 0.121625,
  "unknown_false_accept_rate": 0.00475,
  "auroc": 0.9785935651041667,
  "fpr95": 0.041625,
  "oscr": 0.8699039401041666,
  "threshold_strategy_used": "classwise_balanced",
  "threshold_mode": "classwise_balanced",
  "threshold": null,
  "threshold_quantile": null,
  "score_calibration_mode": "none",
  "known_rescue_enabled": false,
  "number_of_tx": 16,
  "number_of_rx_used": "N/A",
  "rx_mode": "not_applicable",
  "rx_used": [
    "N/A"
  ],
  "known_tx_list": [
    "1",
    "2",
    "3",
    "4",
    "5",
    "7",
    "9",
    "13",
    "14",
    "15"
  ],
  "unknown_tx_list": [
    "17",
    "18",
    "19",
    "25",
    "26",
    "32"
  ],
  "known_classes": 10,
  "unknown_classes": 6,
  "train_sample_count": 28000,
  "val_sample_count": 4000,
  "test_known_sample_count": 8000,
  "test_unknown_sample_count": 24000,
  "split_file": "D:\\learn_pytorch\\笔记\\方案\\os_sei_code\\data\\splits\\oracle\\oracle_main_sorted_k10_u6.json",
  "output_dir": "D:\\learn_pytorch\\笔记\\方案\\os_sei_code\\ablations\\01_模块消融\\oracle\\openmax_only",
  "thresholds_per_class": [
    0.10231467869294728,
    0.1062675082003293,
    0.12174528271931673,
    0.14997321224730947,
    0.1341436171013376,
    0.12835117215695585,
    0.13993920981884003,
    0.15472174267406053,
    0.1432934135198593,
    0.07966538071632386
  ]
}