{
  "overall_accuracy": 0.9651875,
  "macro_precision": 0.9794273238510478,
  "macro_recall": 0.8859318181818182,
  "macro_f1": 0.929300623904365,
  "weighted_f1": 0.9644426034170014,
  "known_accuracy": 0.875,
  "unknown_precision": 0.9608979000724113,
  "unknown_recall": 0.99525,
  "known_fpr_as_unknown": 0.1215,
  "unknown_false_accept_rate": 0.00475,
  "auroc": 0.9786063984375,
  "fpr95": 0.041625,
  "oscr": 0.8700377005208333,
  "threshold_strategy_used": "classwise_balanced",
  "threshold_mode": "classwise_balanced",
  "threshold": null,
  "threshold_quantile": null,
  "score_calibration_mode": "none",
  "known_rescue_enabled": false,
  "number_of_tx": 16,
  "number_of_rx_used": "N/A",
  "rx_mode": "not_applicable",
  "rx_used": [
    "N/A"
  ],
  "known_tx_list": [
    "1",
    "2",
    "3",
    "4",
    "5",
    "7",
    "9",
    "13",
    "14",
    "15"
  ],
  "unknown_tx_list": [
    "17",
    "18",
    "19",
    "25",
    "26",
    "32"
  ],
  "known_classes": 10,
  "unknown_classes": 6,
  "train_sample_count": 28000,
  "val_sample_count": 4000,
  "test_known_sample_count": 8000,
  "test_unknown_sample_count": 24000,
  "split_file": "D:\\learn_pytorch\\笔记\\方案\\os_sei_code\\data\\splits\\oracle\\oracle_main_sorted_k10_u6.json",
  "output_dir": "D:\\learn_pytorch\\笔记\\方案\\os_sei_code\\ablations\\01_模块消融\\oracle\\openmax_only",
  "thresholds_per_class": [
    0.10228200684423032,
    0.10628414866716968,
    0.1211586631834507,
    0.1499773684727109,
    0.13413833269606465,
    0.12478635609149932,
    0.14210022687911994,
    0.1545433284795803,
    0.1439443349838257,
    0.0800123393535614
  ]
}