{
  "fusion_lambda": 0.35,
  "threshold": null,
  "thresholds_per_class": [
    0.4069769050634426,
    0.4303326950125069,
    0.38987928240195574,
    0.37119978238707,
    0.3735317528247833,
    0.4282443166426989,
    0.40746025339416836,
    0.44664657699025195,
    0.3766716063022614,
    0.3381135448813438
  ],
  "threshold_mode": "classwise_balanced",
  "threshold_quantile": null,
  "fusion_mode": "linear",
  "score_calibration": {
    "mode": "none"
  },
  "known_rescue": {
    "enabled": false
  },
  "metrics": {
    "overall_accuracy": 0.6835707092504676,
    "macro_precision": 0.535181221849237,
    "macro_recall": 0.8549292154018471,
    "macro_f1": 0.63564763200754,
    "weighted_f1": 0.7014735860461729,
    "known_accuracy": 0.88,
    "unknown_precision": 0.9281725100837729,
    "unknown_recall": 0.6042213694203191,
    "known_fpr_as_unknown": 0.11575,
    "unknown_false_accept_rate": 0.3957786305796809,
    "auroc": 0.8655487780246415,
    "fpr95": 0.3705,
    "oscr": 0.8255873939608159
  }
}