{
  "overall_accuracy": 0.9596875,
  "macro_precision": 0.9565247211190592,
  "macro_recall": 0.8894393939393939,
  "macro_f1": 0.920256548698283,
  "weighted_f1": 0.9593629909101355,
  "known_accuracy": 0.87975,
  "unknown_precision": 0.9623546629807301,
  "unknown_recall": 0.9863333333333333,
  "known_fpr_as_unknown": 0.11575,
  "unknown_false_accept_rate": 0.013666666666666667,
  "auroc": 0.9723091640625001,
  "fpr95": 0.090375,
  "oscr": 0.8783419921874999,
  "threshold_strategy_used": "classwise_balanced",
  "threshold_mode": "classwise_balanced",
  "threshold": null,
  "threshold_quantile": null,
  "score_calibration_mode": "none",
  "known_rescue_enabled": false,
  "number_of_tx": 16,
  "number_of_rx_used": "N/A",
  "rx_mode": "not_applicable",
  "rx_used": [
    "N/A"
  ],
  "known_tx_list": [
    "1",
    "2",
    "3",
    "4",
    "5",
    "7",
    "9",
    "13",
    "14",
    "15"
  ],
  "unknown_tx_list": [
    "17",
    "18",
    "19",
    "25",
    "26",
    "32"
  ],
  "known_classes": 10,
  "unknown_classes": 6,
  "train_sample_count": 28000,
  "val_sample_count": 4000,
  "test_known_sample_count": 8000,
  "test_unknown_sample_count": 24000,
  "split_file": "D:\\learn_pytorch\\笔记\\方案\\os_sei_code\\data\\splits\\oracle\\oracle_main_sorted_k10_u6.json",
  "output_dir": "D:\\learn_pytorch\\笔记\\方案\\os_sei_code\\ablations\\03_损失函数消融\\oracle\\full_embedding_learning",
  "thresholds_per_class": [
    0.4503784360445064,
    0.3823861122131348,
    0.3403483209402665,
    0.36252428144216536,
    0.42096811085939406,
    0.4689790729595267,
    0.43593474639498664,
    0.4137990325689316,
    0.390800416469574,
    0.3684687769931296
  ]
}