{
  "overall_accuracy": 0.96034375,
  "macro_precision": 0.9633198619944807,
  "macro_recall": 0.8841363636363636,
  "macro_f1": 0.9210656976927664,
  "weighted_f1": 0.959856702109646,
  "known_accuracy": 0.873625,
  "unknown_precision": 0.9603203494721514,
  "unknown_recall": 0.98925,
  "known_fpr_as_unknown": 0.122625,
  "unknown_false_accept_rate": 0.01075,
  "auroc": 0.9708264843750001,
  "fpr95": 0.09975,
  "oscr": 0.8704913098958332,
  "threshold_strategy_used": "classwise_balanced",
  "threshold_mode": "classwise_balanced",
  "threshold": null,
  "threshold_quantile": null,
  "score_calibration_mode": "none",
  "known_rescue_enabled": false,
  "number_of_tx": 16,
  "number_of_rx_used": "N/A",
  "rx_mode": "not_applicable",
  "rx_used": [
    "N/A"
  ],
  "known_tx_list": [
    "1",
    "2",
    "3",
    "4",
    "5",
    "7",
    "9",
    "13",
    "14",
    "15"
  ],
  "unknown_tx_list": [
    "17",
    "18",
    "19",
    "25",
    "26",
    "32"
  ],
  "known_classes": 10,
  "unknown_classes": 6,
  "train_sample_count": 28000,
  "val_sample_count": 4000,
  "test_known_sample_count": 8000,
  "test_unknown_sample_count": 24000,
  "split_file": "D:\\learn_pytorch\\笔记\\方案\\os_sei_code\\data\\splits\\oracle\\oracle_main_sorted_k10_u6.json",
  "output_dir": "D:\\learn_pytorch\\笔记\\方案\\os_sei_code\\ablations\\03_损失函数消融\\oracle\\full_embedding_learning",
  "thresholds_per_class": [
    0.4069769050634426,
    0.4303326950125069,
    0.38987928240195574,
    0.37119978238707,
    0.3735317528247833,
    0.4282443166426989,
    0.40746025339416836,
    0.44664657699025195,
    0.3766716063022614,
    0.3381135448813438
  ]
}