{
  "fusion_lambda": 1.0,
  "threshold": null,
  "thresholds_per_class": [
    0.10228200684423032,
    0.10628414866716968,
    0.12124215066432953,
    0.1499773684727109,
    0.13413833269606465,
    0.12475410401821135,
    0.14210022687911994,
    0.1545433284795803,
    0.14408913552761077,
    0.07999132722616195
  ],
  "threshold_mode": "classwise_balanced",
  "threshold_quantile": null,
  "fusion_mode": "linear",
  "score_calibration": {
    "mode": "none"
  },
  "known_rescue": {
    "enabled": false
  },
  "metrics": {
    "overall_accuracy": 0.6633364479263998,
    "macro_precision": 0.5171243234202679,
    "macro_recall": 0.8514830846546775,
    "macro_f1": 0.6200416025929224,
    "weighted_f1": 0.6815191292260454,
    "known_accuracy": 0.879,
    "unknown_precision": 0.9242840964245268,
    "unknown_recall": 0.5763139312014527,
    "known_fpr_as_unknown": 0.117,
    "unknown_false_accept_rate": 0.42368606879854737,
    "auroc": 0.7861639387672753,
    "fpr95": 0.72375,
    "oscr": 0.7467436447089679
  }
}