{
  "fusion_lambda": 0.35,
  "threshold": null,
  "thresholds_per_class": [
    0.999999,
    0.999999,
    0.999999,
    0.999999,
    0.999999,
    0.999999,
    0.946937,
    0.968068,
    0.618474,
    0.65
  ],
  "threshold_mode": "manual_classwise",
  "threshold_quantile": null,
  "fusion_mode": "linear",
  "score_calibration": {
    "mode": "classwise_z",
    "means": [
      0.34522292017936707,
      0.3565831184387207,
      0.3550252616405487,
      0.3644064962863922,
      0.3659382164478302,
      0.3495551347732544,
      0.36230364441871643,
      0.3681982755661011,
      0.36617642641067505,
      0.3379437327384949
    ],
    "sigmas": [
      0.1064932884106636,
      0.12498532397842407,
      0.12252489639616013,
      0.049863854182720185,
      0.14687939150428772,
      0.13314375443553925,
      0.11002716584300995,
      0.13105842633342743,
      0.0772061140666008,
      0.09444269700145722
    ],
    "counts": [
      382,
      396,
      404,
      400,
      403,
      378,
      415,
      418,
      404,
      400
    ],
    "fallback_mean": 0.3573138415813446,
    "fallback_sigma": 0.11349578363990784
  },
  "known_rescue": {
    "enabled": true,
    "rules_per_class": [
      {
        "class_index": 6,
        "max_score": 0.97,
        "max_distance": 0.3,
        "min_margin": 0.0
      },
      {
        "class_index": 8,
        "max_score": 0.85,
        "max_distance": 0.05,
        "min_margin": 1.6
      },
      {
        "class_index": 9,
        "max_score": 0.92,
        "max_distance": 0.095,
        "min_margin": 1.6
      }
    ]
  },
  "metrics": {
    "overall_accuracy": 0.34061668942715445,
    "macro_precision": 0.35792842443901396,
    "macro_recall": 0.8840251552139982,
    "macro_f1": 0.43050361357433753,
    "weighted_f1": 0.24754591846795163,
    "known_accuracy": 0.9635,
    "unknown_precision": 0.9305993690851735,
    "unknown_recall": 0.08927670735397962,
    "known_fpr_as_unknown": 0.0165,
    "unknown_false_accept_rate": 0.9107232926460204,
    "auroc": 0.8893020024210633,
    "fpr95": 0.26425,
    "oscr": 0.8801545949762938
  }
}