{
  "num_evaluated_unknown": 9113,
  "num_true_unknown_classes": 12,
  "num_predicted_clusters": 14,
  "nmi": 0.976029312098967,
  "ari": 0.9551578565941921,
  "purity": 0.9993415999122133,
  "hungarian_accuracy": 0.922089322945243,
  "method": "unknown_only_gmm_full_direct",
  "feature_mode": "embedding_stats",
  "clustering_backend": "gmm_full_direct",
  "use_known_prototype_anchors": false,
  "resolved_num_clusters": 14,
  "target_num_clusters": 12,
  "fit_num_clusters": 15,
  "overcluster_extra_clusters": 3,
  "overcluster_extra_candidates": [
    3
  ],
  "auto_selected_overcluster_extra_clusters": 3,
  "m_selection_mode": "offline_min_gain",
  "m_selection_min_quality_gain": 0.01,
  "m_selection_offline_quality": 0.9631545228876538,
  "m_selection_offline_coverage": 0.9492708333333333,
  "m_selection_offline_adjusted_quality": 0.9142944965703321,
  "m_selection_offline_nmi": 0.976029312098967,
  "m_selection_offline_ari": 0.9551578565941921,
  "m_selection_offline_purity": 0.9993415999122133,
  "m_selection_offline_hungarian_accuracy": 0.922089322945243,
  "m_selection_score": -9.131538633251981,
  "m_selection_target_penalty": 2,
  "m_selection_uncertain_ratio": 0.05148432634419763,
  "m_selection_cluster_balance": 0.539286495950974,
  "m_selection_gmm_mean_confidence": 0.9999132755302719,
  "m_selection_gmm_bic": -1430202.1738400534,
  "direct_confidence_quantile": 0.1,
  "direct_min_cluster_size": 160,
  "selected_unknown_cache_size": 9634,
  "uncertain_size": 496,
  "uncertain_ratio": 0.05148432634419763,
  "nearest_known_proto_distance_mean": 0.37230151891708374,
  "nearest_known_proto_distance_min": 0.051582470536231995,
  "unknown_cache_precision": 0.9964708324683413,
  "unknown_cache_recall": 1.0,
  "coverage_of_selected_true_unknown": 0.9492708333333333,
  "coverage_of_total_test_unknown": 0.9492708333333333,
  "suspected_known_noise_size": 496,
  "cluster_size_min": 352,
  "cluster_size_max": 806,
  "cluster_size_mean": 652.7142857142857,
  "gmm_bic": -1430202.1738400534,
  "gmm_aic": -1941597.8705439891,
  "gmm_lower_bound": 108.16738086813147,
  "gmm_mean_confidence": 0.9999132755302719,
  "gmm_median_confidence": 1.0
}