{
  "threshold_mode": "classwise_balanced",
  "thresholds_per_class": [
    0.6844867318868637,
    0.6978410020470619,
    0.85,
    0.6895177453756333,
    0.6872997283935547,
    0.6691701054573059,
    0.6889985799789429,
    0.6954192432761193,
    0.6953133064508438,
    0.7194460749626159,
    0.6851216673851013,
    0.6946609616279602,
    0.6535096287727356,
    0.696960112452507,
    0.6746108412742615,
    0.6853616654872894
  ],
  "validation_metrics": {
    "overall_accuracy": 0.4526162790697674,
    "macro_precision": 0.438318530922927,
    "macro_recall": 0.938099128540305,
    "macro_f1": 0.5549734195973997,
    "weighted_f1": 0.3626020454588184,
    "known_accuracy": 0.98828125,
    "unknown_precision": 0.954248366013072,
    "unknown_recall": 0.13518518518518519,
    "known_fpr_as_unknown": 0.0109375,
    "unknown_false_accept_rate": 0.8648148148148148,
    "auroc": 0.5306313295717593,
    "fpr95": 0.940625,
    "oscr": 0.525767505787037
  },
  "num_validation_known": 1280,
  "num_mbs_pseudo_unknown": 2160
}