{
  "overall_accuracy": 0.7982730263157894,
  "macro_precision": 0.9407273052560982,
  "macro_recall": 0.9697855392156863,
  "macro_f1": 0.9297397308150505,
  "weighted_f1": 0.8711413150224977,
  "known_accuracy": 0.98359375,
  "unknown_precision": 0.9941916747337851,
  "unknown_recall": 0.7488541666666667,
  "known_fpr_as_unknown": 0.01640625,
  "unknown_false_accept_rate": 0.25114583333333335,
  "auroc": 0.9832904866536458,
  "fpr95": 0.1265625,
  "oscr": 0.9687786458333332,
  "threshold_strategy_used": "mbs_msp_validation_pseudo",
  "threshold_mode": "classwise_balanced",
  "thresholds_per_class": [
    0.6844867318868637,
    0.6978410020470619,
    0.85,
    0.6895177453756333,
    0.6872997283935547,
    0.6691701054573059,
    0.6889985799789429,
    0.6954192432761193,
    0.6953133064508438,
    0.7194460749626159,
    0.6851216673851013,
    0.6946609616279602,
    0.6535096287727356,
    0.696960112452507,
    0.6746108412742615,
    0.6853616654872894
  ],
  "known_classes": 16,
  "test_known_sample_count": 2560,
  "test_unknown_sample_count": 9600,
  "output_dir": "D:\\learn_pytorch\\笔记\\方案\\os_sei_code\\ablations\\01_模块消融\\wisig\\mbs_msp_only"
}