{
  "overall_accuracy": 0.96365625,
  "macro_precision": 0.976875127078575,
  "macro_recall": 0.8828901515151515,
  "macro_f1": 0.9264492576046748,
  "weighted_f1": 0.9629324046448303,
  "known_accuracy": 0.87175,
  "unknown_precision": 0.9598568038292908,
  "unknown_recall": 0.9942916666666667,
  "known_fpr_as_unknown": 0.12475,
  "unknown_false_accept_rate": 0.0057083333333333335,
  "auroc": 0.9861131067708334,
  "fpr95": 0.051125,
  "oscr": 0.8700150130208335,
  "threshold_strategy_used": "classwise_balanced",
  "threshold_mode": "classwise_balanced",
  "threshold": null,
  "threshold_quantile": null,
  "score_calibration_mode": "none",
  "known_rescue_enabled": false,
  "number_of_tx": 16,
  "number_of_rx_used": "N/A",
  "rx_mode": "not_applicable",
  "rx_used": [
    "N/A"
  ],
  "known_tx_list": [
    "1",
    "2",
    "3",
    "4",
    "5",
    "7",
    "9",
    "13",
    "14",
    "15"
  ],
  "unknown_tx_list": [
    "17",
    "18",
    "19",
    "25",
    "26",
    "32"
  ],
  "known_classes": 10,
  "unknown_classes": 6,
  "train_sample_count": 28000,
  "val_sample_count": 4000,
  "test_known_sample_count": 8000,
  "test_unknown_sample_count": 24000,
  "split_file": "D:\\learn_pytorch\\笔记\\方案\\os_sei_code\\data\\splits\\oracle\\oracle_main_sorted_k10_u6.json",
  "output_dir": "D:\\learn_pytorch\\笔记\\方案\\os_sei_code\\ablations\\01_模块消融\\oracle\\prototype_distance_only",
  "thresholds_per_class": [
    0.5218265503644944,
    0.508903157711029,
    0.5614236794088199,
    0.4826212915389434,
    0.6437951458537059,
    0.684413563557293,
    0.5454933464527131,
    0.636710524559021,
    0.509152020967525,
    0.5159615722687347
  ]
}