{
  "fusion_lambda": 0.2,
  "threshold": null,
  "thresholds_per_class": [
    0.4705042484013934,
    0.8,
    0.6879823917927951,
    0.5,
    0.6785754264696785,
    0.6128007431652235,
    0.6756527665387029,
    0.65,
    0.7167113365427308,
    0.5119778019448986,
    0.5689734733752584,
    0.617580116339352,
    0.5704995121385741,
    0.5884049977426948,
    0.7,
    0.75
  ],
  "threshold_mode": "classwise_balanced",
  "threshold_quantile": null,
  "fusion_mode": "linear",
  "score_calibration": {
    "mode": "none"
  },
  "known_rescue": {
    "enabled": false
  },
  "metrics": {
    "overall_accuracy": 0.9603064066852368,
    "macro_precision": 0.9799389556702345,
    "macro_recall": 0.8900137928354961,
    "macro_f1": 0.9320274367259024,
    "weighted_f1": 0.9596160674233055,
    "known_accuracy": 0.88359375,
    "unknown_precision": 0.9527733755942948,
    "unknown_recall": 0.9927344782034346,
    "known_fpr_as_unknown": 0.11640625,
    "unknown_false_accept_rate": 0.00726552179656539,
    "auroc": 0.9436399593378468,
    "fpr95": 0.18515625,
    "oscr": 0.8730801581076618
  }
}