{
  "overall_accuracy": 0.9761513157894737,
  "macro_precision": 0.9982751442336287,
  "macro_recall": 0.8933823529411765,
  "macro_f1": 0.9421592961041729,
  "weighted_f1": 0.9755108149781234,
  "known_accuracy": 0.88671875,
  "unknown_precision": 0.9706774519716885,
  "unknown_recall": 1.0,
  "known_fpr_as_unknown": 0.11328125,
  "unknown_false_accept_rate": 0.0,
  "auroc": 0.995305643717448,
  "fpr95": 0.011328125,
  "oscr": 0.8866896158854167,
  "threshold_strategy_used": "classwise_balanced",
  "threshold_mode": "classwise_balanced",
  "threshold": null,
  "threshold_quantile": null,
  "score_calibration_mode": "none",
  "known_rescue_enabled": false,
  "number_of_tx": 28,
  "number_of_rx_used": 1,
  "rx_mode": "fixed",
  "rx_used": [
    "1-1"
  ],
  "known_tx_list": [
    "13-3",
    "20-7",
    "7-10",
    "6-15",
    "3-13",
    "11-4",
    "8-3",
    "7-11",
    "15-1",
    "3-18",
    "4-11",
    "14-7",
    "11-7",
    "5-5",
    "11-1",
    "1-11"
  ],
  "unknown_tx_list": [
    "20-19",
    "6-1",
    "2-19",
    "16-16",
    "20-15",
    "8-20",
    "10-7",
    "11-17",
    "8-18",
    "10-11",
    "20-12",
    "14-10"
  ],
  "known_classes": 16,
  "unknown_classes": 12,
  "train_sample_count": 8960,
  "val_sample_count": 1280,
  "test_known_sample_count": 2560,
  "test_unknown_sample_count": 9600,
  "split_file": "D:\\learn_pytorch\\笔记\\方案\\os_sei_code\\data\\splits\\wisig\\single_day_rx1_eq0\\wisig_single_day_rx1_eq0_k16_u12_seed42.json",
  "output_dir": "D:\\learn_pytorch\\笔记\\方案\\os_sei_code\\ablations\\03_损失函数消融\\wisig\\full_embedding_learning",
  "thresholds_per_class": [
    0.5,
    0.8232875139298647,
    0.6383898491444795,
    0.48799554331147155,
    0.6890630786833556,
    0.6446413129308949,
    0.65,
    0.65,
    0.7678349438568821,
    0.5239270846480909,
    0.6,
    0.6339973964121031,
    0.6,
    0.55,
    0.7,
    0.65
  ]
}