{
  "fusion_lambda": 1.0,
  "threshold": 0.8429430541396141,
  "thresholds_per_class": null,
  "threshold_mode": "global",
  "threshold_quantile": null,
  "fusion_mode": "linear",
  "metrics": {
    "overall_accuracy": 0.404756298563692,
    "macro_precision": 0.3860581992857006,
    "macro_recall": 0.9441563076191043,
    "macro_f1": 0.4965161380862301,
    "weighted_f1": 0.33664075295920287,
    "known_accuracy": 0.99375,
    "unknown_precision": 0.9845814977973568,
    "unknown_recall": 0.1506572295247725,
    "known_fpr_as_unknown": 0.00546875,
    "unknown_false_accept_rate": 0.8493427704752275,
    "auroc": 0.8635448264239973,
    "fpr95": 0.51484375,
    "oscr": 0.8628053115520729
  }
}
