{
  "overall_accuracy": 0.6869243421052632,
  "macro_precision": 0.7499020271497612,
  "macro_recall": 0.9618504901960785,
  "macro_f1": 0.7802381721604825,
  "weighted_f1": 0.7599750355432724,
  "known_accuracy": 0.983984375,
  "unknown_precision": 0.9935286103542235,
  "unknown_recall": 0.6077083333333333,
  "known_fpr_as_unknown": 0.01484375,
  "unknown_false_accept_rate": 0.39229166666666665,
  "auroc": 0.9836547444661458,
  "fpr95": 0.053515625,
  "oscr": 0.9763605550130208
}
