{
  "fusion_lambda": 0.2,
  "threshold": null,
  "thresholds_per_class": [
    0.6,
    0.7286086561887161,
    0.75,
    0.5465223302011905,
    0.6733268230505616,
    0.6331279881104179,
    0.75,
    0.7197682380676269,
    0.734772939150748,
    0.5845610775766167,
    0.6493674946479177,
    0.6986611566206685,
    0.687824251211208,
    0.7028323507697686,
    0.8375345417986747,
    0.7356997981797099
  ],
  "threshold_mode": "classwise_balanced",
  "threshold_quantile": null,
  "fusion_mode": "linear",
  "score_calibration": {
    "mode": "none"
  },
  "known_rescue": {
    "enabled": false
  },
  "metrics": {
    "overall_accuracy": 0.9054307116104869,
    "macro_precision": 0.8558494911644253,
    "macro_recall": 0.9018873859704308,
    "macro_f1": 0.8698056568989062,
    "weighted_f1": 0.9113325808261316,
    "known_accuracy": 0.9015625,
    "unknown_precision": 0.9556338028169014,
    "unknown_recall": 0.9070855614973262,
    "known_fpr_as_unknown": 0.0984375,
    "unknown_false_accept_rate": 0.0929144385026738,
    "auroc": 0.94573315299131,
    "fpr95": 0.1703125,
    "oscr": 0.890115307486631
  }
}