{
  "overall_accuracy": 0.9745065789473685,
  "macro_precision": 0.9981599097762212,
  "macro_recall": 0.8860294117647058,
  "macro_f1": 0.9380638554807824,
  "weighted_f1": 0.9738107576056214,
  "known_accuracy": 0.87890625,
  "unknown_precision": 0.9687184661957619,
  "unknown_recall": 1.0,
  "known_fpr_as_unknown": 0.12109375,
  "unknown_false_accept_rate": 0.0,
  "auroc": 0.9950341186523437,
  "fpr95": 0.012890625,
  "oscr": 0.8788775024414063,
  "threshold_strategy_used": "classwise_balanced",
  "threshold_mode": "classwise_balanced",
  "threshold": null,
  "threshold_quantile": null,
  "score_calibration_mode": "none",
  "known_rescue_enabled": false,
  "number_of_tx": 28,
  "number_of_rx_used": 1,
  "rx_mode": "fixed",
  "rx_used": [
    "1-1"
  ],
  "known_tx_list": [
    "13-3",
    "20-7",
    "7-10",
    "6-15",
    "3-13",
    "11-4",
    "8-3",
    "7-11",
    "15-1",
    "3-18",
    "4-11",
    "14-7",
    "11-7",
    "5-5",
    "11-1",
    "1-11"
  ],
  "unknown_tx_list": [
    "20-19",
    "6-1",
    "2-19",
    "16-16",
    "20-15",
    "8-20",
    "10-7",
    "11-17",
    "8-18",
    "10-11",
    "20-12",
    "14-10"
  ],
  "known_classes": 16,
  "unknown_classes": 12,
  "train_sample_count": 8960,
  "val_sample_count": 1280,
  "test_known_sample_count": 2560,
  "test_unknown_sample_count": 9600,
  "split_file": "D:\\learn_pytorch\\笔记\\方案\\os_sei_code\\data\\splits\\wisig\\single_day_rx1_eq0\\wisig_single_day_rx1_eq0_k16_u12_seed42.json",
  "output_dir": "D:\\learn_pytorch\\笔记\\方案\\os_sei_code\\ablations\\03_损失函数消融\\wisig\\ce_angular",
  "thresholds_per_class": [
    0.4969753854559817,
    0.7704399200626043,
    0.6859742299370146,
    0.4867673185338145,
    0.6168182253837587,
    0.5761002267702768,
    0.6667837183890135,
    0.6600146490076315,
    0.75,
    0.5120055455746859,
    0.6,
    0.6136182853579522,
    0.5875088538294253,
    0.6,
    0.6887874490281809,
    0.7
  ]
}