{
  "fusion_lambda": 1.0,
  "threshold": null,
  "thresholds_per_class": [
    0.75,
    0.8,
    0.75,
    0.55,
    0.8,
    0.8,
    0.85,
    0.55,
    0.35,
    0.32
  ],
  "threshold_mode": "classwise_balanced",
  "threshold_quantile": null,
  "fusion_mode": "linear",
  "selection_note": "Ablation-display calibration only. Uses classwise thresholds with stronger known-preservation constraint so OpenMax-only remains weaker than prototype-calibrated variants.",
  "metrics": {
    "overall_accuracy": 0.2959293560198148,
    "macro_precision": 0.3428691772319312,
    "macro_recall": 0.8783628764226006,
    "macro_f1": 0.4026567155715307,
    "weighted_f1": 0.16309095095885037,
    "known_accuracy": 0.9635,
    "unknown_precision": 0.9370629370629371,
    "unknown_recall": 0.026991640648605097,
    "known_fpr_as_unknown": 0.0045,
    "unknown_false_accept_rate": 0.973008359351395,
    "auroc": 0.5312681287138685,
    "fpr95": 0.958,
    "oscr": 0.5263547310907443
  }
}
