{
  "overall_accuracy": 0.909875,
  "macro_precision": 0.8492072809566653,
  "macro_recall": 0.9573295454545455,
  "macro_f1": 0.8796371187614227,
  "weighted_f1": 0.9228403129687374,
  "known_accuracy": 0.963875,
  "unknown_precision": 0.991890639481001,
  "unknown_recall": 0.891875,
  "known_fpr_as_unknown": 0.021875,
  "unknown_false_accept_rate": 0.108125,
  "auroc": 0.9860346276041666,
  "fpr95": 0.033375,
  "oscr": 0.9587663437500001,
  "threshold_strategy_used": "leave_class_out_quantile_transfer",
  "threshold_mode": "leave_class_out_quantile_transfer",
  "threshold": null,
  "threshold_quantile": null,
  "score_calibration_mode": "classwise_z",
  "known_rescue_enabled": false,
  "number_of_tx": 16,
  "number_of_rx_used": "N/A",
  "rx_mode": "not_applicable",
  "rx_used": [
    "N/A"
  ],
  "known_tx_list": [
    "1",
    "2",
    "3",
    "4",
    "5",
    "7",
    "9",
    "13",
    "14",
    "15"
  ],
  "unknown_tx_list": [
    "17",
    "18",
    "19",
    "25",
    "26",
    "32"
  ],
  "known_classes": 10,
  "unknown_classes": 6,
  "train_sample_count": 28000,
  "val_sample_count": 4000,
  "test_known_sample_count": 8000,
  "test_unknown_sample_count": 24000,
  "split_file": "D:\\learn_pytorch\\笔记\\方案\\os_sei_code\\data\\splits\\oracle\\oracle_main_sorted_k10_u6.json",
  "output_dir": "D:\\learn_pytorch\\笔记\\方案\\os_sei_code\\outputs\\oracle_leave_class_out_calibration\\final",
  "thresholds_per_class": [
    0.9876000737001502,
    0.9777885371287635,
    0.973998541060628,
    0.9877839040399007,
    0.963375579890312,
    0.9622332451083382,
    0.9858630380797222,
    0.9680561407849504,
    0.9825984947331406,
    0.988771454789514
  ]
}