{
  "fusion_lambda": 0.35,
  "threshold": null,
  "thresholds_per_class": [
    0.37459772229194643,
    0.36843600642421975,
    0.40687745356041455,
    0.3655534267425537,
    0.46692719252213183,
    0.4879322799651519,
    0.4060960680246354,
    0.46501936018466944,
    0.37844106554985046,
    0.3631925404071808
  ],
  "threshold_mode": "classwise_balanced",
  "threshold_quantile": null,
  "fusion_mode": "linear",
  "score_calibration": {
    "mode": "none"
  },
  "known_rescue": {
    "enabled": false
  },
  "metrics": {
    "overall_accuracy": 0.6418548387096774,
    "macro_precision": 0.5374747704419677,
    "macro_recall": 0.8467424242424243,
    "macro_f1": 0.6316160112750678,
    "weighted_f1": 0.6548753869426981,
    "known_accuracy": 0.8785,
    "unknown_precision": 0.9043743641912513,
    "unknown_recall": 0.5291666666666667,
    "known_fpr_as_unknown": 0.1175,
    "unknown_false_accept_rate": 0.4708333333333333,
    "auroc": 0.8592212499999999,
    "fpr95": 0.39475,
    "oscr": 0.8319111458333333
  }
}