{
  "fusion_lambda": 0.35,
  "threshold": null,
  "thresholds_per_class": [
    0.5772534828822874,
    0.5236896403682831,
    0.6,
    0.5041622452905389,
    0.665416329182337,
    0.7387144334168244,
    0.598190456450171,
    0.7,
    0.5475699301392276,
    0.5694332613938954
  ],
  "threshold_mode": "classwise_balanced",
  "threshold_quantile": null,
  "fusion_mode": "linear",
  "score_calibration": {
    "mode": "classwise_z",
    "means": [
      0.34522292017936707,
      0.3565831184387207,
      0.3550252616405487,
      0.3644064962863922,
      0.3659382164478302,
      0.3495551347732544,
      0.36230364441871643,
      0.3681982755661011,
      0.36617642641067505,
      0.3379437327384949
    ],
    "sigmas": [
      0.1064932884106636,
      0.12498532397842407,
      0.12252489639616013,
      0.049863854182720185,
      0.14687939150428772,
      0.13314375443553925,
      0.11002716584300995,
      0.13105842633342743,
      0.0772061140666008,
      0.09444269700145722
    ],
    "counts": [
      382,
      396,
      404,
      400,
      403,
      378,
      415,
      418,
      404,
      400
    ],
    "fallback_mean": 0.3573138415813446,
    "fallback_sigma": 0.11349578363990784
  },
  "known_rescue": {
    "enabled": false
  },
  "metrics": {
    "overall_accuracy": 0.664751958224543,
    "macro_precision": 0.5332954909296777,
    "macro_recall": 0.8512391861195688,
    "macro_f1": 0.6316275931072449,
    "weighted_f1": 0.6820631469106936,
    "known_accuracy": 0.879,
    "unknown_precision": 0.9201773835920177,
    "unknown_recall": 0.5736310473152578,
    "known_fpr_as_unknown": 0.117,
    "unknown_false_accept_rate": 0.4263689526847422,
    "auroc": 0.8840238171185539,
    "fpr95": 0.27175,
    "oscr": 0.8486668394471026
  }
}