{
  "fusion_lambda": 0.3,
  "threshold": null,
  "thresholds_per_class": [
    0.615854550520387,
    0.75,
    0.9831683672232633,
    0.5202773954138747,
    0.9732129730124589,
    0.7956034125508317,
    0.65,
    0.88,
    0.5866237877539002,
    0.607513276874813
  ],
  "threshold_mode": "classwise_balanced",
  "threshold_quantile": null,
  "fusion_mode": "linear",
  "score_calibration": {
    "mode": "classwise_z",
    "means": [
      0.3638105094432831,
      0.37475523352622986,
      0.3735637962818146,
      0.38154304027557373,
      0.38527336716651917,
      0.36804795265197754,
      0.3805106282234192,
      0.38705527782440186,
      0.38403430581092834,
      0.35758739709854126
    ],
    "sigmas": [
      0.1080581785569191,
      0.12632310552692413,
      0.12491060210561752,
      0.05065972520208359,
      0.1475304828414917,
      0.13643264932727814,
      0.11122091276741028,
      0.1331588642129898,
      0.07829998595809937,
      0.09713038964366913
    ],
    "counts": [
      382,
      396,
      404,
      400,
      403,
      378,
      415,
      418,
      404,
      400
    ],
    "fallback_mean": 0.37579721212387085,
    "fallback_sigma": 0.11517885489559174
  },
  "known_rescue": {
    "enabled": false
  },
  "metrics": {
    "overall_accuracy": 0.566579634464752,
    "macro_precision": 0.47088429490090017,
    "macro_recall": 0.8661547291092745,
    "macro_f1": 0.5714183624359062,
    "weighted_f1": 0.5762017612591714,
    "known_accuracy": 0.91075,
    "unknown_precision": 0.9283533004463237,
    "unknown_recall": 0.4202020202020202,
    "known_fpr_as_unknown": 0.07625,
    "unknown_false_accept_rate": 0.5797979797979798,
    "auroc": 0.8843112307283358,
    "fpr95": 0.26775,
    "oscr": 0.8609586523125997
  }
}