{
  "fusion_lambda": 0.35,
  "threshold": null,
  "thresholds_per_class": [
    0.5765391724139496,
    0.5237020607314519,
    0.6,
    0.5044157659639033,
    0.665391855155997,
    0.7387000997747329,
    0.5982319042848439,
    0.7,
    0.5470035551627433,
    0.5693968662153611
  ],
  "threshold_mode": "classwise_balanced",
  "threshold_quantile": null,
  "fusion_mode": "linear",
  "score_calibration": {
    "mode": "classwise_z",
    "means": [
      0.34524303674697876,
      0.35657209157943726,
      0.3550299406051636,
      0.364391028881073,
      0.36593616008758545,
      0.34956496953964233,
      0.3623135983943939,
      0.3682207763195038,
      0.36621350049972534,
      0.3379301428794861
    ],
    "sigmas": [
      0.10652750892734528,
      0.12496024532413483,
      0.12253307713365555,
      0.04985900385475159,
      0.14687383337116242,
      0.13316990597343445,
      0.11003098054027557,
      0.1310737596282959,
      0.07721202237701416,
      0.09442074759101868
    ],
    "counts": [
      382,
      396,
      404,
      400,
      403,
      378,
      415,
      418,
      404,
      400
    ],
    "fallback_mean": 0.357320100069046,
    "fallback_sigma": 0.11350018693304062
  },
  "known_rescue": {
    "enabled": false
  },
  "metrics": {
    "overall_accuracy": 0.6650503543453935,
    "macro_precision": 0.5338598466858726,
    "macro_recall": 0.8514954569619643,
    "macro_f1": 0.6320767301305118,
    "weighted_f1": 0.6824123447667648,
    "known_accuracy": 0.87925,
    "unknown_precision": 0.9203751065643648,
    "unknown_recall": 0.5739500265816055,
    "known_fpr_as_unknown": 0.11675,
    "unknown_false_accept_rate": 0.42604997341839446,
    "auroc": 0.8840212121212121,
    "fpr95": 0.27325,
    "oscr": 0.8488760366826156
  }
}