{
  "overall_accuracy": 0.964,
  "macro_precision": 0.9773385292189324,
  "macro_recall": 0.8837007575757577,
  "macro_f1": 0.9271145629705398,
  "weighted_f1": 0.9632775576639244,
  "known_accuracy": 0.872625,
  "unknown_precision": 0.9601335586129214,
  "unknown_recall": 0.9944583333333333,
  "known_fpr_as_unknown": 0.123875,
  "unknown_false_accept_rate": 0.005541666666666667,
  "auroc": 0.9815928619791667,
  "fpr95": 0.0475,
  "oscr": 0.8705159401041667,
  "threshold_strategy_used": "classwise_balanced",
  "threshold_mode": "classwise_balanced",
  "threshold": null,
  "threshold_quantile": null,
  "score_calibration_mode": "none",
  "known_rescue_enabled": false,
  "number_of_tx": 16,
  "number_of_rx_used": "N/A",
  "rx_mode": "not_applicable",
  "rx_used": [
    "N/A"
  ],
  "known_tx_list": [
    "1",
    "2",
    "3",
    "4",
    "5",
    "7",
    "9",
    "13",
    "14",
    "15"
  ],
  "unknown_tx_list": [
    "17",
    "18",
    "19",
    "25",
    "26",
    "32"
  ],
  "known_classes": 10,
  "unknown_classes": 6,
  "train_sample_count": 28000,
  "val_sample_count": 4000,
  "test_known_sample_count": 8000,
  "test_unknown_sample_count": 24000,
  "split_file": "D:\\learn_pytorch\\笔记\\方案\\os_sei_code\\data\\splits\\oracle\\oracle_main_sorted_k10_u6.json",
  "output_dir": "D:\\learn_pytorch\\笔记\\方案\\os_sei_code\\ablations\\01_模块消融\\oracle\\ordinary_mbs_only",
  "thresholds_per_class": [
    0.37459772229194643,
    0.36843600642421975,
    0.40687745356041455,
    0.3655534267425537,
    0.46692719252213183,
    0.4879322799651519,
    0.4060960680246354,
    0.46501936018466944,
    0.37844106554985046,
    0.3631925404071808
  ]
}