{
  "overall_accuracy": 0.9640625,
  "macro_precision": 0.9771394763954238,
  "macro_recall": 0.8841477272727272,
  "macro_f1": 0.9272654945522315,
  "weighted_f1": 0.9633466968284419,
  "known_accuracy": 0.873125,
  "unknown_precision": 0.9602848865282472,
  "unknown_recall": 0.994375,
  "known_fpr_as_unknown": 0.123375,
  "unknown_false_accept_rate": 0.005625,
  "auroc": 0.9868361406250001,
  "fpr95": 0.035375,
  "oscr": 0.8718528619791668,
  "threshold_strategy_used": "classwise_balanced",
  "threshold_mode": "classwise_balanced",
  "threshold": null,
  "threshold_quantile": null,
  "score_calibration_mode": "classwise_z",
  "known_rescue_enabled": false,
  "number_of_tx": 16,
  "number_of_rx_used": "N/A",
  "rx_mode": "not_applicable",
  "rx_used": [
    "N/A"
  ],
  "known_tx_list": [
    "1",
    "2",
    "3",
    "4",
    "5",
    "7",
    "9",
    "13",
    "14",
    "15"
  ],
  "unknown_tx_list": [
    "17",
    "18",
    "19",
    "25",
    "26",
    "32"
  ],
  "known_classes": 10,
  "unknown_classes": 6,
  "train_sample_count": 28000,
  "val_sample_count": 4000,
  "test_known_sample_count": 8000,
  "test_unknown_sample_count": 24000,
  "split_file": "D:\\learn_pytorch\\笔记\\方案\\os_sei_code\\data\\splits\\oracle\\oracle_main_sorted_k10_u6.json",
  "output_dir": "D:\\learn_pytorch\\笔记\\方案\\os_sei_code\\ablations\\01_模块消融\\oracle\\ordinary_mbs_only",
  "thresholds_per_class": [
    0.5772534828822874,
    0.5236896403682831,
    0.6,
    0.5041622452905389,
    0.665416329182337,
    0.7387144334168244,
    0.598190456450171,
    0.7,
    0.5475699301392276,
    0.5694332613938954
  ]
}