{
  "overall_accuracy": 0.96953125,
  "macro_precision": 0.9668795734996546,
  "macro_recall": 0.9104053030303029,
  "macro_f1": 0.936424213746911,
  "weighted_f1": 0.9691109363669272,
  "known_accuracy": 0.90225,
  "unknown_precision": 0.9712782016237608,
  "unknown_recall": 0.9919583333333334,
  "known_fpr_as_unknown": 0.088,
  "unknown_false_accept_rate": 0.008041666666666667,
  "auroc": 0.9867023359375,
  "fpr95": 0.03575,
  "oscr": 0.9003756692708332,
  "threshold_strategy_used": "classwise_balanced",
  "threshold_mode": "classwise_balanced",
  "threshold": null,
  "threshold_quantile": null,
  "score_calibration_mode": "classwise_z",
  "known_rescue_enabled": false,
  "number_of_tx": 16,
  "number_of_rx_used": "N/A",
  "rx_mode": "not_applicable",
  "rx_used": [
    "N/A"
  ],
  "known_tx_list": [
    "1",
    "2",
    "3",
    "4",
    "5",
    "7",
    "9",
    "13",
    "14",
    "15"
  ],
  "unknown_tx_list": [
    "17",
    "18",
    "19",
    "25",
    "26",
    "32"
  ],
  "known_classes": 10,
  "unknown_classes": 6,
  "train_sample_count": 28000,
  "val_sample_count": 4000,
  "test_known_sample_count": 8000,
  "test_unknown_sample_count": 24000,
  "split_file": "D:\\learn_pytorch\\笔记\\方案\\os_sei_code\\data\\splits\\oracle\\oracle_main_sorted_k10_u6.json",
  "output_dir": "D:\\learn_pytorch\\笔记\\方案\\os_sei_code\\ablations\\01_模块消融\\oracle\\ordinary_mbs_only",
  "thresholds_per_class": [
    0.615854550520387,
    0.75,
    0.9831683672232633,
    0.5202773954138747,
    0.9732129730124589,
    0.7956034125508317,
    0.65,
    0.88,
    0.5866237877539002,
    0.607513276874813
  ]
}