{
  "overall_accuracy": 0.96409375,
  "macro_precision": 0.9771429892772413,
  "macro_recall": 0.8842613636363637,
  "macro_f1": 0.9273304768042105,
  "weighted_f1": 0.9633790671357738,
  "known_accuracy": 0.87325,
  "unknown_precision": 0.9603235282282403,
  "unknown_recall": 0.994375,
  "known_fpr_as_unknown": 0.12325,
  "unknown_false_accept_rate": 0.005625,
  "auroc": 0.9868357109374999,
  "fpr95": 0.035375,
  "oscr": 0.8719774687499999,
  "threshold_strategy_used": "classwise_balanced",
  "threshold_mode": "classwise_balanced",
  "threshold": null,
  "threshold_quantile": null,
  "score_calibration_mode": "classwise_z",
  "known_rescue_enabled": false,
  "number_of_tx": 16,
  "number_of_rx_used": "N/A",
  "rx_mode": "not_applicable",
  "rx_used": [
    "N/A"
  ],
  "known_tx_list": [
    "1",
    "2",
    "3",
    "4",
    "5",
    "7",
    "9",
    "13",
    "14",
    "15"
  ],
  "unknown_tx_list": [
    "17",
    "18",
    "19",
    "25",
    "26",
    "32"
  ],
  "known_classes": 10,
  "unknown_classes": 6,
  "train_sample_count": 28000,
  "val_sample_count": 4000,
  "test_known_sample_count": 8000,
  "test_unknown_sample_count": 24000,
  "split_file": "D:\\learn_pytorch\\笔记\\方案\\os_sei_code\\data\\splits\\oracle\\oracle_main_sorted_k10_u6.json",
  "output_dir": "D:\\learn_pytorch\\笔记\\方案\\os_sei_code\\ablations\\01_模块消融\\oracle\\ordinary_mbs_only",
  "thresholds_per_class": [
    0.5765391724139496,
    0.5237020607314519,
    0.6,
    0.5044157659639033,
    0.665391855155997,
    0.7387000997747329,
    0.5982319042848439,
    0.7,
    0.5470035551627433,
    0.5693968662153611
  ]
}