{
  "overall_accuracy": 0.7870888157894737,
  "macro_precision": 0.8060960114817155,
  "macro_recall": 0.968952205882353,
  "macro_f1": 0.8320337385707246,
  "weighted_f1": 0.8421582524497893,
  "known_accuracy": 0.98359375,
  "unknown_precision": 0.9945008460236887,
  "unknown_recall": 0.7346875,
  "known_fpr_as_unknown": 0.015234375,
  "unknown_false_accept_rate": 0.2653125,
  "auroc": 0.9873261718749999,
  "fpr95": 0.045703125,
  "oscr": 0.9782234903971354
}
