{
  "fusion_lambda": 0.35,
  "threshold": null,
  "thresholds_per_class": [
    0.37814841270446775,
    0.36843600642421975,
    0.40687745356041455,
    0.3653477966785431,
    0.46692719252213183,
    0.4879322799651519,
    0.4060960680246354,
    0.4768777071133904,
    0.38,
    0.3643444541355838
  ],
  "threshold_mode": "classwise_balanced",
  "threshold_quantile": null,
  "fusion_mode": "linear",
  "score_calibration": {
    "mode": "none"
  },
  "known_rescue": {
    "enabled": false
  },
  "metrics": {
    "overall_accuracy": 0.6656471465870943,
    "macro_precision": 0.5341123112954651,
    "macro_recall": 0.8515727852689575,
    "macro_f1": 0.632391038429466,
    "weighted_f1": 0.6829703287682076,
    "known_accuracy": 0.87925,
    "unknown_precision": 0.9204835688745104,
    "unknown_recall": 0.5748006379585326,
    "known_fpr_as_unknown": 0.11675,
    "unknown_false_accept_rate": 0.4251993620414673,
    "auroc": 0.8720755183413079,
    "fpr95": 0.3865,
    "oscr": 0.8373370281765018
  }
}