{
  "overall_accuracy": 0.964125,
  "macro_precision": 0.9771469101289142,
  "macro_recall": 0.884375,
  "macro_f1": 0.927398783004464,
  "weighted_f1": 0.9634123521225428,
  "known_accuracy": 0.873375,
  "unknown_precision": 0.9603621730382293,
  "unknown_recall": 0.994375,
  "known_fpr_as_unknown": 0.123125,
  "unknown_false_accept_rate": 0.005625,
  "auroc": 0.9815928619791667,
  "fpr95": 0.0475,
  "oscr": 0.8712590963541667,
  "threshold_strategy_used": "classwise_balanced",
  "threshold_mode": "classwise_balanced",
  "threshold": null,
  "threshold_quantile": null,
  "score_calibration_mode": "none",
  "known_rescue_enabled": false,
  "number_of_tx": 16,
  "number_of_rx_used": "N/A",
  "rx_mode": "not_applicable",
  "rx_used": [
    "N/A"
  ],
  "known_tx_list": [
    "1",
    "2",
    "3",
    "4",
    "5",
    "7",
    "9",
    "13",
    "14",
    "15"
  ],
  "unknown_tx_list": [
    "17",
    "18",
    "19",
    "25",
    "26",
    "32"
  ],
  "known_classes": 10,
  "unknown_classes": 6,
  "train_sample_count": 28000,
  "val_sample_count": 4000,
  "test_known_sample_count": 8000,
  "test_unknown_sample_count": 24000,
  "split_file": "D:\\learn_pytorch\\笔记\\方案\\os_sei_code\\data\\splits\\oracle\\oracle_main_sorted_k10_u6.json",
  "output_dir": "D:\\learn_pytorch\\笔记\\方案\\os_sei_code\\ablations\\01_模块消融\\oracle\\prototype_boundary_modeling",
  "thresholds_per_class": [
    0.37814841270446775,
    0.36843600642421975,
    0.40687745356041455,
    0.3653477966785431,
    0.46692719252213183,
    0.4879322799651519,
    0.4060960680246354,
    0.4768777071133904,
    0.38,
    0.3643444541355838
  ]
}