{
  "fusion_lambda": 0.0,
  "threshold": 0.98,
  "thresholds_per_class": null,
  "threshold_mode": "global",
  "threshold_quantile": null,
  "fusion_mode": "linear",
  "metrics": {
    "overall_accuracy": 0.43465975983046856,
    "macro_precision": 0.3900082303743829,
    "macro_recall": 0.9466742005194393,
    "macro_f1": 0.5074209791671062,
    "weighted_f1": 0.38237684591620447,
    "known_accuracy": 0.99375,
    "unknown_precision": 0.9862542955326461,
    "unknown_recall": 0.19346140883046847,
    "known_fpr_as_unknown": 0.00625,
    "unknown_false_accept_rate": 0.8065385911695315,
    "auroc": 0.8853198990984159,
    "fpr95": 0.36484375,
    "oscr": 0.8847545658493428
  }
}
