{
  "overall_accuracy": 0.96025,
  "macro_precision": 0.9190214385507622,
  "macro_recall": 0.9472878787878788,
  "macro_f1": 0.9280577936207467,
  "weighted_f1": 0.962163757950721,
  "known_accuracy": 0.9455,
  "unknown_precision": 0.9852409510441921,
  "unknown_recall": 0.9651666666666666,
  "known_fpr_as_unknown": 0.043375,
  "unknown_false_accept_rate": 0.034833333333333334,
  "auroc": 0.9813703932291666,
  "fpr95": 0.051125,
  "oscr": 0.9415499557291668,
  "threshold_strategy_used": "supervised_calibrator_classwise",
  "threshold_mode": "supervised_calibrator_classwise",
  "threshold": null,
  "threshold_quantile": null,
  "score_calibration_mode": "supervised_calibrator",
  "known_rescue_enabled": false,
  "number_of_tx": 16,
  "number_of_rx_used": "N/A",
  "rx_mode": "not_applicable",
  "rx_used": [
    "N/A"
  ],
  "known_tx_list": [
    "1",
    "2",
    "3",
    "4",
    "5",
    "7",
    "9",
    "13",
    "14",
    "15"
  ],
  "unknown_tx_list": [
    "17",
    "18",
    "19",
    "25",
    "26",
    "32"
  ],
  "known_classes": 10,
  "unknown_classes": 6,
  "train_sample_count": 28000,
  "val_sample_count": 4000,
  "test_known_sample_count": 8000,
  "test_unknown_sample_count": 24000,
  "split_file": "D:\\learn_pytorch\\笔记\\方案\\os_sei_code\\data\\splits\\oracle\\oracle_main_sorted_k10_u6.json",
  "output_dir": "D:\\learn_pytorch\\笔记\\方案\\os_sei_code\\outputs\\oracle_supervised_calibrator\\final",
  "thresholds_per_class": [
    0.8582596778869629,
    0.9155684113502502,
    0.8760507106781006,
    0.676490068435669,
    0.928695559501648,
    0.888663649559021,
    0.8572900295257568,
    0.9039990901947021,
    0.7592424154281616,
    0.8835236430168152
  ]
}