{
  "num_evaluated_unknown": 20693,
  "num_true_unknown_classes": 6,
  "num_predicted_clusters": 6,
  "nmi": 0.924805461052731,
  "ari": 0.905060638577212,
  "purity": 0.9545740105349635,
  "hungarian_accuracy": 0.9545740105349635,
  "method": "unknown_only_gmm_full_direct",
  "feature_mode": "embedding_stats",
  "clustering_backend": "gmm_full_direct",
  "use_known_prototype_anchors": false,
  "resolved_num_clusters": 6,
  "target_num_clusters": 6,
  "fit_num_clusters": 7,
  "overcluster_extra_clusters": 1,
  "overcluster_extra_candidates": [
    1
  ],
  "auto_selected_overcluster_extra_clusters": 1,
  "m_selection_mode": "offline_min_gain",
  "m_selection_min_quality_gain": 0.01,
  "m_selection_offline_quality": 0.9347535301749675,
  "m_selection_offline_coverage": 0.8622083333333334,
  "m_selection_offline_adjusted_quality": 0.8059522833296084,
  "m_selection_offline_nmi": 0.924805461052731,
  "m_selection_offline_ari": 0.905060638577212,
  "m_selection_offline_purity": 0.9545740105349635,
  "m_selection_offline_hungarian_accuracy": 0.9545740105349635,
  "m_selection_score": 0.7989652171895534,
  "m_selection_target_penalty": 0,
  "m_selection_uncertain_ratio": 0.10997989476836206,
  "m_selection_cluster_balance": 0.5418629241564934,
  "m_selection_gmm_mean_confidence": 0.9945272194029212,
  "m_selection_gmm_bic": -3318111.0315441163,
  "direct_confidence_quantile": 0.1,
  "direct_min_cluster_size": 800,
  "selected_unknown_cache_size": 23377,
  "uncertain_size": 2571,
  "uncertain_ratio": 0.10997989476836206,
  "nearest_known_proto_distance_mean": 0.5582123398780823,
  "nearest_known_proto_distance_min": 0.13149823248386383,
  "unknown_cache_precision": 0.9928134491166531,
  "unknown_cache_recall": 0.9670416666666667,
  "coverage_of_selected_true_unknown": 0.8915937782756689,
  "coverage_of_total_test_unknown": 0.8622083333333334,
  "suspected_known_noise_size": 2571,
  "cluster_size_min": 1879,
  "cluster_size_max": 4470,
  "cluster_size_mean": 3467.6666666666665,
  "gmm_bic": -3318111.0315441163,
  "gmm_aic": -3586250.859776158,
  "gmm_lower_bound": 78.12742471138066,
  "gmm_mean_confidence": 0.9945272194029212,
  "gmm_median_confidence": 0.9999999999999858
}