{
  "dataset": "wisig_singleday_osr_k16_u12",
  "method": "OpenRFI",
  "task": "open_set_rejection",
  "seed": 42,
  "threshold_strategy_used": "softmax_val_known_quantile",
  "threshold_mode": "softmax_val_known_quantile",
  "threshold": 0.06795876882970334,
  "threshold_quantile": 0.05,
  "number_of_tx": 28,
  "number_of_rx_used": 1,
  "rx_mode": "fixed",
  "rx_used": [
    "1-1"
  ],
  "known_tx_list": [
    "13-3",
    "20-7",
    "7-10",
    "6-15",
    "3-13",
    "11-4",
    "8-3",
    "7-11",
    "15-1",
    "3-18",
    "4-11",
    "14-7",
    "11-7",
    "5-5",
    "11-1",
    "1-11"
  ],
  "unknown_tx_list": [
    "20-19",
    "6-1",
    "2-19",
    "16-16",
    "20-15",
    "8-20",
    "10-7",
    "11-17",
    "8-18",
    "10-11",
    "20-12",
    "14-10"
  ],
  "known_classes": 16,
  "unknown_classes": 12,
  "train_sample_count": 8960,
  "val_sample_count": 1280,
  "test_known_sample_count": 2560,
  "test_unknown_sample_count": 9600,
  "split_file": "D:\\learn_pytorch\\笔记\\方案\\os_sei_code\\data\\splits\\wisig\\single_day_rx1_eq0\\wisig_single_day_rx1_eq0_k16_u12_seed42.json",
  "output_dir": "D:\\learn_pytorch\\笔记\\方案\\os_sei_code\\Comparison method\\adapted_results\\smoke\\wisig_singleday_osr_k16_u12\\openrfi",
  "best_val_acc": 0.06510416666666667,
  "best_epoch": 1,
  "training_status": "trained",
  "overall_accuracy": 0.0857843137254902,
  "macro_precision": 0.05372844312241297,
  "macro_recall": 0.0857843137254902,
  "macro_f1": 0.048132986112061585,
  "weighted_f1": 0.048132986112061585,
  "known_accuracy": 0.08072916666666667,
  "unknown_precision": 0.13333333333333333,
  "unknown_recall": 0.16666666666666666,
  "known_fpr_as_unknown": 0.06770833333333333,
  "unknown_false_accept_rate": 0.8333333333333334,
  "auroc": 0.5141059027777778,
  "fpr95": 0.8697916666666666,
  "oscr": 0.052191840277777776
}