{
  "num_evaluated_unknown": 21271,
  "num_true_unknown_classes": 6,
  "num_predicted_clusters": 6,
  "nmi": 0.9988159321232524,
  "ari": 0.9992634945241701,
  "purity": 0.9997179258144893,
  "hungarian_accuracy": 0.9997179258144893,
  "method": "unknown_only_gmm_full_direct",
  "feature_mode": "embedding_stats",
  "clustering_backend": "gmm_full_direct",
  "use_known_prototype_anchors": false,
  "resolved_num_clusters": 6,
  "target_num_clusters": 6,
  "fit_num_clusters": 8,
  "overcluster_extra_clusters": 2,
  "overcluster_extra_candidates": [
    0,
    1,
    2,
    3
  ],
  "auto_selected_overcluster_extra_clusters": 2,
  "m_selection_mode": "offline_min_gain",
  "m_selection_min_quality_gain": 0.01,
  "m_selection_offline_quality": 0.9993788195691002,
  "m_selection_offline_coverage": 0.8862916666666667,
  "m_selection_offline_adjusted_quality": 0.8857411196272639,
  "m_selection_offline_nmi": 0.9988159321232524,
  "m_selection_offline_ari": 0.9992634945241701,
  "m_selection_offline_purity": 0.9997179258144893,
  "m_selection_offline_hungarian_accuracy": 0.9997179258144893,
  "m_selection_score": 0.9913920592247472,
  "m_selection_target_penalty": 0,
  "m_selection_uncertain_ratio": 0.0864524960431193,
  "m_selection_cluster_balance": 0.735530998314291,
  "m_selection_gmm_mean_confidence": 0.9990539005089024,
  "m_selection_gmm_bic": -3311905.438354198,
  "direct_confidence_quantile": 0.05,
  "direct_min_cluster_size": 800,
  "selected_unknown_cache_size": 23377,
  "uncertain_size": 2021,
  "uncertain_ratio": 0.0864524960431193,
  "nearest_known_proto_distance_mean": 0.5387043952941895,
  "nearest_known_proto_distance_min": 0.13149823248386383,
  "unknown_cache_precision": 0.9928134491166531,
  "unknown_cache_recall": 0.9670416666666667,
  "coverage_of_selected_true_unknown": 0.9164979102934206,
  "coverage_of_total_test_unknown": 0.8862916666666667,
  "suspected_known_noise_size": 2021,
  "cluster_size_min": 2618,
  "cluster_size_max": 3983,
  "cluster_size_mean": 3559.3333333333335,
  "gmm_bic": -3311905.438354198,
  "gmm_aic": -3618352.1076919474,
  "gmm_lower_bound": 79.01625089086356,
  "gmm_mean_confidence": 0.9990539005089024,
  "gmm_median_confidence": 1.0
}