{
  "fusion_lambda": 0.0,
  "threshold": 0.97,
  "thresholds_per_class": null,
  "threshold_mode": "global",
  "threshold_quantile": null,
  "fusion_mode": "linear",
  "score_calibration": {
    "mode": "none"
  },
  "known_rescue": {
    "enabled": false
  },
  "metrics": {
    "overall_accuracy": 0.49040262172284643,
    "macro_precision": 0.4116089740368399,
    "macro_recall": 0.9436025479710599,
    "macro_f1": 0.535712806539127,
    "weighted_f1": 0.4662510658787863,
    "known_accuracy": 0.98515625,
    "unknown_precision": 0.977725674091442,
    "unknown_recall": 0.2787433155080214,
    "known_fpr_as_unknown": 0.01484375,
    "unknown_false_accept_rate": 0.7212566844919787,
    "auroc": 0.9423610095671792,
    "fpr95": 0.18125,
    "oscr": 0.9397178935494652
  }
}