{
  "fusion_lambda": 0.2,
  "threshold": 0.94,
  "thresholds_per_class": null,
  "threshold_mode": "manual_global",
  "threshold_quantile": null,
  "fusion_mode": "linear",
  "score_calibration": {
    "mode": "none"
  },
  "known_rescue": {
    "enabled": false
  },
  "metrics": {
    "overall_accuracy": 0.4726123595505618,
    "macro_precision": 0.40716380613447617,
    "macro_recall": 0.9449709027996226,
    "macro_f1": 0.5281823336587173,
    "weighted_f1": 0.4414595780822566,
    "known_accuracy": 0.98828125,
    "unknown_precision": 0.9804941482444733,
    "unknown_recall": 0.2520053475935829,
    "known_fpr_as_unknown": 0.01171875,
    "unknown_false_accept_rate": 0.7479946524064172,
    "auroc": 0.9457297585227273,
    "fpr95": 0.16875,
    "oscr": 0.9435569069602272
  }
}