{
  "fusion_lambda": 0.0,
  "threshold": null,
  "thresholds_per_class": [
    0.5739184457322826,
    0.78,
    0.9982373118400574,
    0.996035635471344,
    0.9970357924699783,
    0.9886767840385438,
    0.9741790357232094,
    0.994760946838752,
    0.50654042855553,
    0.49941897818575737
  ],
  "threshold_mode": "classwise_balanced",
  "threshold_quantile": null,
  "fusion_mode": "linear",
  "metrics": {
    "overall_accuracy": 0.3471893172517769,
    "macro_precision": 0.3492056777402013,
    "macro_recall": 0.8521826788379312,
    "macro_f1": 0.4275962029499654,
    "weighted_f1": 0.2725750700649288,
    "known_accuracy": 0.926,
    "unknown_precision": 0.847940074906367,
    "unknown_recall": 0.11400946721724242,
    "known_fpr_as_unknown": 0.05075,
    "unknown_false_accept_rate": 0.8859905327827576,
    "auroc": 0.633889188236479,
    "fpr95": 0.73775,
    "oscr": 0.6232408223386041
  }
}
