{
  "fusion_lambda": 0.0,
  "threshold": 0.98,
  "thresholds_per_class": null,
  "threshold_mode": "global",
  "threshold_quantile": null,
  "fusion_mode": "linear",
  "metrics": {
    "overall_accuracy": 0.4330115375559218,
    "macro_precision": 0.38933240181781403,
    "macro_recall": 0.9465354190209956,
    "macro_f1": 0.506506783953375,
    "weighted_f1": 0.37983180335868544,
    "known_accuracy": 0.99375,
    "unknown_precision": 0.9860869565217392,
    "unknown_recall": 0.1911021233569262,
    "known_fpr_as_unknown": 0.00625,
    "unknown_false_accept_rate": 0.8088978766430738,
    "auroc": 0.8851698106252105,
    "fpr95": 0.36640625,
    "oscr": 0.8846040824064711
  }
}
