{
  "overall_accuracy": 0.96284375,
  "macro_precision": 0.969596183022718,
  "macro_recall": 0.8924583333333334,
  "macro_f1": 0.9275947622577777,
  "weighted_f1": 0.9626301663601533,
  "known_accuracy": 0.88275,
  "unknown_precision": 0.9626672071341711,
  "unknown_recall": 0.9895416666666667,
  "known_fpr_as_unknown": 0.115125,
  "unknown_false_accept_rate": 0.010458333333333333,
  "auroc": 0.9808420781249999,
  "fpr95": 0.051625,
  "oscr": 0.8803036822916669,
  "threshold_strategy_used": "classwise_balanced",
  "threshold_mode": "classwise_balanced",
  "threshold": null,
  "threshold_quantile": null,
  "score_calibration_mode": "none",
  "known_rescue_enabled": false,
  "number_of_tx": 16,
  "number_of_rx_used": "N/A",
  "rx_mode": "not_applicable",
  "rx_used": [
    "N/A"
  ],
  "known_tx_list": [
    "1",
    "2",
    "3",
    "4",
    "5",
    "7",
    "9",
    "13",
    "14",
    "15"
  ],
  "unknown_tx_list": [
    "17",
    "18",
    "19",
    "25",
    "26",
    "32"
  ],
  "known_classes": 10,
  "unknown_classes": 6,
  "train_sample_count": 28000,
  "val_sample_count": 4000,
  "test_known_sample_count": 8000,
  "test_unknown_sample_count": 24000,
  "split_file": "D:\\learn_pytorch\\笔记\\方案\\os_sei_code\\data\\splits\\oracle\\oracle_main_sorted_k10_u6.json",
  "output_dir": "D:\\learn_pytorch\\笔记\\方案\\os_sei_code\\ablations\\03_损失函数消融\\oracle\\ce_angular",
  "thresholds_per_class": [
    0.37512894123792645,
    0.3491214894730112,
    0.3986837166806927,
    0.38264655833658967,
    0.3949576554738958,
    0.4776243525743489,
    0.3981566786766052,
    0.4,
    0.3780978697797527,
    0.36
  ]
}