{
  "num_evaluated_unknown": 9159,
  "num_true_unknown_classes": 12,
  "num_predicted_clusters": 12,
  "nmi": 0.8946277137102765,
  "ari": 0.7646222450544711,
  "purity": 0.8071841904138006,
  "hungarian_accuracy": 0.7530298067474616,
  "method": "unknown_only_gmm_full_direct",
  "feature_mode": "iq_stats",
  "clustering_backend": "gmm_full_direct",
  "use_known_prototype_anchors": false,
  "resolved_num_clusters": 12,
  "target_num_clusters": 12,
  "fit_num_clusters": 12,
  "overcluster_extra_clusters": 0,
  "overcluster_extra_candidates": [
    0,
    1,
    2,
    3
  ],
  "auto_selected_overcluster_extra_clusters": 0,
  "m_selection_mode": "offline_min_gain",
  "m_selection_min_quality_gain": 0.01,
  "m_selection_offline_quality": 0.8048659889815024,
  "m_selection_offline_coverage": 0.9540625,
  "m_selection_offline_adjusted_quality": 0.7678924576126647,
  "m_selection_offline_nmi": 0.8946277137102765,
  "m_selection_offline_ari": 0.7646222450544711,
  "m_selection_offline_purity": 0.8071841904138006,
  "m_selection_offline_hungarian_accuracy": 0.7530298067474616,
  "m_selection_score": 0.6231969213700783,
  "m_selection_target_penalty": 0,
  "m_selection_uncertain_ratio": 0.04629437409175836,
  "m_selection_cluster_balance": 0.24292555507183283,
  "m_selection_gmm_mean_confidence": 0.9998680654900214,
  "m_selection_gmm_bic": 163599.42947611536,
  "direct_confidence_quantile": 0.1,
  "direct_min_cluster_size": 160,
  "selected_unknown_cache_size": 9634,
  "uncertain_size": 446,
  "uncertain_ratio": 0.04629437409175836,
  "nearest_known_proto_distance_mean": 0.3780151307582855,
  "nearest_known_proto_distance_min": 0.040441952645778656,
  "unknown_cache_precision": 0.9964708324683413,
  "unknown_cache_recall": 1.0,
  "coverage_of_selected_true_unknown": 0.9540625,
  "coverage_of_total_test_unknown": 0.9540625,
  "suspected_known_noise_size": 446,
  "cluster_size_min": 186,
  "cluster_size_max": 1559,
  "cluster_size_mean": 765.6666666666666,
  "gmm_bic": 163599.42947611536,
  "gmm_aic": 53858.879585892995,
  "gmm_lower_bound": -1.2075466167743687,
  "gmm_mean_confidence": 0.9998680654900214,
  "gmm_median_confidence": 1.0
}