{
  "fusion_lambda": 1.0,
  "threshold": 0.8429430541396141,
  "thresholds_per_class": null,
  "threshold_mode": "global",
  "threshold_quantile": null,
  "fusion_mode": "linear",
  "metrics": {
    "overall_accuracy": 0.40546267953849774,
    "macro_precision": 0.38633397881273107,
    "macro_recall": 0.9442157854041516,
    "macro_f1": 0.4968961272727566,
    "weighted_f1": 0.3377979826127548,
    "known_accuracy": 0.99375,
    "unknown_precision": 0.9846827133479212,
    "unknown_recall": 0.15166835187057634,
    "known_fpr_as_unknown": 0.00546875,
    "unknown_false_accept_rate": 0.8483316481294236,
    "auroc": 0.8634854493174925,
    "fpr95": 0.5109375,
    "oscr": 0.8627473826676779
  }
}
