{
  "num_evaluated_unknown": 20147,
  "num_true_unknown_classes": 6,
  "num_predicted_clusters": 6,
  "nmi": 0.9991124238157804,
  "ari": 0.9994693291227664,
  "purity": 0.9998014592743336,
  "hungarian_accuracy": 0.9998014592743336,
  "method": "unknown_only_gmm_full_direct",
  "feature_mode": "embedding_stats",
  "clustering_backend": "gmm_full_direct",
  "use_known_prototype_anchors": false,
  "resolved_num_clusters": 6,
  "target_num_clusters": 6,
  "fit_num_clusters": 8,
  "overcluster_extra_clusters": 2,
  "overcluster_extra_candidates": [
    2
  ],
  "auto_selected_overcluster_extra_clusters": 2,
  "m_selection_mode": "offline_min_gain",
  "m_selection_min_quality_gain": 0.01,
  "m_selection_offline_quality": 0.9995461678718036,
  "m_selection_offline_coverage": 0.8394583333333333,
  "m_selection_offline_adjusted_quality": 0.8390773601713845,
  "m_selection_offline_nmi": 0.9991124238157804,
  "m_selection_offline_ari": 0.9994693291227664,
  "m_selection_offline_purity": 0.9998014592743336,
  "m_selection_offline_hungarian_accuracy": 0.9998014592743336,
  "m_selection_score": 0.757805240394325,
  "m_selection_target_penalty": 0,
  "m_selection_uncertain_ratio": 0.13461949779697993,
  "m_selection_cluster_balance": 0.5338606030647554,
  "m_selection_gmm_mean_confidence": 0.999053900508898,
  "m_selection_gmm_bic": -3311905.4383541597,
  "direct_confidence_quantile": 0.1,
  "direct_min_cluster_size": 800,
  "selected_unknown_cache_size": 23377,
  "uncertain_size": 3147,
  "uncertain_ratio": 0.13461949779697993,
  "nearest_known_proto_distance_mean": 0.5333346128463745,
  "nearest_known_proto_distance_min": 0.13149823248386383,
  "unknown_cache_precision": 0.9928134491166531,
  "unknown_cache_recall": 0.9670416666666667,
  "coverage_of_selected_true_unknown": 0.8680684217329484,
  "coverage_of_total_test_unknown": 0.8394583333333333,
  "suspected_known_noise_size": 3147,
  "cluster_size_min": 1800,
  "cluster_size_max": 3955,
  "cluster_size_mean": 3371.6666666666665,
  "gmm_bic": -3311905.4383541597,
  "gmm_aic": -3618352.107691909,
  "gmm_lower_bound": 79.01625089086326,
  "gmm_mean_confidence": 0.999053900508898,
  "gmm_median_confidence": 1.0
}