{
  "fusion_lambda": 0.2,
  "threshold": null,
  "thresholds_per_class": [
    0.3026033952832222,
    0.8798562121391297,
    0.85,
    0.82,
    0.88,
    0.88,
    0.8,
    0.82,
    0.2637434963946757,
    0.285916668176651
  ],
  "threshold_mode": "classwise_balanced",
  "threshold_quantile": null,
  "fusion_mode": "geometric_blend",
  "metrics": {
    "overall_accuracy": 0.35816203143893593,
    "macro_precision": 0.3750994144734102,
    "macro_recall": 0.8571707857876806,
    "macro_f1": 0.4544532555169736,
    "weighted_f1": 0.2595047741215709,
    "known_accuracy": 0.9345,
    "unknown_precision": 0.8294117647058824,
    "unknown_recall": 0.08387864366448543,
    "known_fpr_as_unknown": 0.03625,
    "unknown_false_accept_rate": 0.9161213563355146,
    "auroc": 0.5660835365853659,
    "fpr95": 0.923,
    "oscr": 0.5591514723378941
  }
}
