{
  "overall_accuracy": 0.77965625,
  "macro_precision": 0.8447611164339662,
  "macro_recall": 0.9121060606060607,
  "macro_f1": 0.8435647067690094,
  "weighted_f1": 0.8388828645945917,
  "known_accuracy": 0.930375,
  "unknown_precision": 0.9821037868162693,
  "unknown_recall": 0.7294166666666667,
  "known_fpr_as_unknown": 0.039875,
  "unknown_false_accept_rate": 0.27058333333333334,
  "auroc": 0.9552554218749999,
  "fpr95": 0.143875,
  "oscr": 0.9032107109375
}
