{
  "fusion_lambda": 0.35,
  "threshold": null,
  "thresholds_per_class": [
    0.4,
    0.4721846878528593,
    0.3849479849960493,
    0.3682356032988299,
    0.3932017895190612,
    0.44332930445671076,
    0.4207180608873782,
    0.4677634736765986,
    0.4,
    0.3482345715165138
  ],
  "threshold_mode": "classwise_balanced",
  "threshold_quantile": null,
  "fusion_mode": "linear",
  "score_calibration": {
    "mode": "none"
  },
  "known_rescue": {
    "enabled": false
  },
  "metrics": {
    "overall_accuracy": 0.7120264538854144,
    "macro_precision": 0.5646489031343511,
    "macro_recall": 0.8592209987066712,
    "macro_f1": 0.6603563027367362,
    "weighted_f1": 0.729591076526343,
    "known_accuracy": 0.88075,
    "unknown_precision": 0.9319509345794392,
    "unknown_recall": 0.6439309857733831,
    "known_fpr_as_unknown": 0.1165,
    "unknown_false_accept_rate": 0.3560690142266169,
    "auroc": 0.8883091136111391,
    "fpr95": 0.28975,
    "oscr": 0.8459660226011503
  }
}