{
  "overall_accuracy": 0.927375,
  "macro_precision": 0.9270300844344592,
  "macro_recall": 0.8888181818181817,
  "macro_f1": 0.8941170451119033,
  "weighted_f1": 0.9359484962153725,
  "known_accuracy": 0.8835,
  "unknown_precision": 0.9618379068283344,
  "unknown_recall": 0.942,
  "known_fpr_as_unknown": 0.112125,
  "unknown_false_accept_rate": 0.058,
  "auroc": 0.96148821875,
  "fpr95": 0.13975,
  "oscr": 0.8683353151041666,
  "threshold_strategy_used": "classwise_balanced",
  "threshold_mode": "classwise_balanced",
  "threshold": null,
  "threshold_quantile": null,
  "score_calibration_mode": "none",
  "known_rescue_enabled": false,
  "number_of_tx": 16,
  "number_of_rx_used": "N/A",
  "rx_mode": "not_applicable",
  "rx_used": [
    "N/A"
  ],
  "known_tx_list": [
    "1",
    "2",
    "3",
    "4",
    "5",
    "7",
    "9",
    "13",
    "14",
    "15"
  ],
  "unknown_tx_list": [
    "17",
    "18",
    "19",
    "25",
    "26",
    "32"
  ],
  "known_classes": 10,
  "unknown_classes": 6,
  "train_sample_count": 28000,
  "val_sample_count": 4000,
  "test_known_sample_count": 8000,
  "test_unknown_sample_count": 24000,
  "split_file": "D:\\learn_pytorch\\笔记\\方案\\os_sei_code\\data\\splits\\oracle\\oracle_main_sorted_k10_u6.json",
  "output_dir": "D:\\learn_pytorch\\笔记\\方案\\os_sei_code\\ablations\\03_损失函数消融\\oracle\\ce_only",
  "thresholds_per_class": [
    0.4,
    0.4721846878528593,
    0.3849479849960493,
    0.3682356032988299,
    0.3932017895190612,
    0.44332930445671076,
    0.4207180608873782,
    0.4677634736765986,
    0.4,
    0.3482345715165138
  ]
}