{
  "fusion_lambda": 0.2,
  "threshold": null,
  "thresholds_per_class": [
    0.6,
    0.7146889162193176,
    0.75,
    0.5465223302011905,
    0.6733268230505616,
    0.6331279881104179,
    0.75,
    0.713652515411377,
    0.734772939150748,
    0.5763260722160339,
    0.6412470579147339,
    0.6950000643730163,
    0.6877449989318848,
    0.7028323507697686,
    0.8375345417986747,
    0.7356997981797099
  ],
  "threshold_mode": "classwise_balanced",
  "threshold_quantile": null,
  "fusion_mode": "linear",
  "score_calibration": {
    "mode": "none"
  },
  "known_rescue": {
    "enabled": false
  },
  "metrics": {
    "overall_accuracy": 0.8950581395348837,
    "macro_precision": 0.8677040262105288,
    "macro_recall": 0.9002450980392156,
    "macro_f1": 0.8771616144435648,
    "weighted_f1": 0.8996251469044461,
    "known_accuracy": 0.90078125,
    "unknown_precision": 0.9381393083292743,
    "unknown_recall": 0.8916666666666667,
    "known_fpr_as_unknown": 0.09921875,
    "unknown_false_accept_rate": 0.10833333333333334,
    "auroc": 0.9395804398148149,
    "fpr95": 0.175,
    "oscr": 0.8876714409722223
  }
}