{
  "fusion_lambda": 0.2,
  "threshold": null,
  "thresholds_per_class": [
    0.6,
    0.7127437812478647,
    0.7491313815116882,
    0.546193046932635,
    0.6741513570365703,
    0.6337054847634357,
    0.75,
    0.7118280589580536,
    0.6850644099971525,
    0.5769976735115051,
    0.6396947622299194,
    0.6908051550388337,
    0.687592828701372,
    0.7030794668327207,
    0.8354904401561489,
    0.7371675403351373
  ],
  "threshold_mode": "classwise_balanced",
  "threshold_quantile": null,
  "fusion_mode": "linear",
  "score_calibration": {
    "mode": "none"
  },
  "known_rescue": {
    "enabled": false
  },
  "metrics": {
    "overall_accuracy": 0.8941860465116279,
    "macro_precision": 0.866265603706522,
    "macro_recall": 0.8994553376906317,
    "macro_f1": 0.8760648848303955,
    "weighted_f1": 0.8987485921365072,
    "known_accuracy": 0.9,
    "unknown_precision": 0.9376218323586745,
    "unknown_recall": 0.8907407407407407,
    "known_fpr_as_unknown": 0.1,
    "unknown_false_accept_rate": 0.10925925925925926,
    "auroc": 0.9396176938657408,
    "fpr95": 0.1765625,
    "oscr": 0.8871043113425927
  }
}