{
  "fusion_lambda": 0.2,
  "threshold": null,
  "thresholds_per_class": [
    0.6,
    0.7127437812478647,
    0.7474990487098694,
    0.546193046932635,
    0.6741513570365703,
    0.6197228244465333,
    0.75,
    0.7154522836208344,
    0.6850644099971525,
    0.5835034847259521,
    0.6496600481997367,
    0.6998954125072646,
    0.687592828701372,
    0.7030794668327207,
    0.8354904401561489,
    0.7371675403351373
  ],
  "threshold_mode": "classwise_balanced",
  "threshold_quantile": null,
  "fusion_mode": "linear",
  "score_calibration": {
    "mode": "none"
  },
  "known_rescue": {
    "enabled": false
  },
  "metrics": {
    "overall_accuracy": 0.8921511627906977,
    "macro_precision": 0.8646286056732186,
    "macro_recall": 0.8985566448801743,
    "macro_f1": 0.8742640083787582,
    "weighted_f1": 0.8969684391752417,
    "known_accuracy": 0.89921875,
    "unknown_precision": 0.936980947728383,
    "unknown_recall": 0.887962962962963,
    "known_fpr_as_unknown": 0.10078125,
    "unknown_false_accept_rate": 0.11203703703703703,
    "auroc": 0.9396390335648147,
    "fpr95": 0.17578125,
    "oscr": 0.8864190899884257
  }
}