{
  "fusion_lambda": 0.2,
  "threshold": null,
  "thresholds_per_class": [
    0.6,
    0.7261983604016511,
    0.75,
    0.546193046932635,
    0.6741513570365703,
    0.6337054847634357,
    0.75,
    0.7149779915809631,
    0.6850644099971525,
    0.5795511841773987,
    0.6496600481997367,
    0.6998954125072646,
    0.687592828701372,
    0.7030794668327207,
    0.8354904401561489,
    0.7371675403351373
  ],
  "threshold_mode": "classwise_balanced",
  "threshold_quantile": null,
  "fusion_mode": "linear",
  "score_calibration": {
    "mode": "none"
  },
  "known_rescue": {
    "enabled": false
  },
  "metrics": {
    "overall_accuracy": 0.8915697674418605,
    "macro_precision": 0.8615644412918162,
    "macro_recall": 0.8999183006535948,
    "macro_f1": 0.8736058424304258,
    "weighted_f1": 0.896344217317326,
    "known_accuracy": 0.90078125,
    "unknown_precision": 0.9377756001959824,
    "unknown_recall": 0.8861111111111111,
    "known_fpr_as_unknown": 0.09921875,
    "unknown_false_accept_rate": 0.11388888888888889,
    "auroc": 0.9395779079861111,
    "fpr95": 0.17578125,
    "oscr": 0.8876564308449074
  }
}