{
  "overall_accuracy": 0.9782894736842105,
  "macro_precision": 0.9984256476313154,
  "macro_recall": 0.9029411764705882,
  "macro_f1": 0.9476661190465506,
  "weighted_f1": 0.9777641765087738,
  "known_accuracy": 0.896875,
  "unknown_precision": 0.9732360097323601,
  "unknown_recall": 1.0,
  "known_fpr_as_unknown": 0.103125,
  "unknown_false_accept_rate": 0.0,
  "auroc": 0.9959491577148437,
  "fpr95": 0.0109375,
  "oscr": 0.8968453776041669,
  "threshold_strategy_used": "classwise_balanced",
  "threshold_mode": "classwise_balanced",
  "threshold": null,
  "threshold_quantile": null,
  "score_calibration_mode": "none",
  "known_rescue_enabled": false,
  "number_of_tx": 28,
  "number_of_rx_used": 1,
  "rx_mode": "fixed",
  "rx_used": [
    "1-1"
  ],
  "known_tx_list": [
    "13-3",
    "20-7",
    "7-10",
    "6-15",
    "3-13",
    "11-4",
    "8-3",
    "7-11",
    "15-1",
    "3-18",
    "4-11",
    "14-7",
    "11-7",
    "5-5",
    "11-1",
    "1-11"
  ],
  "unknown_tx_list": [
    "20-19",
    "6-1",
    "2-19",
    "16-16",
    "20-15",
    "8-20",
    "10-7",
    "11-17",
    "8-18",
    "10-11",
    "20-12",
    "14-10"
  ],
  "known_classes": 16,
  "unknown_classes": 12,
  "train_sample_count": 8960,
  "val_sample_count": 1280,
  "test_known_sample_count": 2560,
  "test_unknown_sample_count": 9600,
  "split_file": "D:\\learn_pytorch\\笔记\\方案\\os_sei_code\\data\\splits\\wisig\\single_day_rx1_eq0\\wisig_single_day_rx1_eq0_k16_u12_seed42.json",
  "output_dir": "D:\\learn_pytorch\\笔记\\方案\\os_sei_code\\ablations\\01_模块消融\\wisig\\ordinary_mbs_only",
  "thresholds_per_class": [
    0.6,
    0.7261983604016511,
    0.75,
    0.546193046932635,
    0.6741513570365703,
    0.6337054847634357,
    0.75,
    0.7149779915809631,
    0.6850644099971525,
    0.5795511841773987,
    0.6496600481997367,
    0.6998954125072646,
    0.687592828701372,
    0.7030794668327207,
    0.8354904401561489,
    0.7371675403351373
  ]
}