{
  "overall_accuracy": 0.9381875,
  "macro_precision": 0.923879134014825,
  "macro_recall": 0.8829886363636364,
  "macro_f1": 0.8952109327557841,
  "weighted_f1": 0.9414762051329839,
  "known_accuracy": 0.875375,
  "unknown_precision": 0.9589252239116851,
  "unknown_recall": 0.959125,
  "known_fpr_as_unknown": 0.12325,
  "unknown_false_accept_rate": 0.040875,
  "auroc": 0.9679197578125,
  "fpr95": 0.1255,
  "oscr": 0.8716072760416668,
  "threshold_strategy_used": "classwise_balanced",
  "threshold_mode": "classwise_balanced",
  "threshold": null,
  "threshold_quantile": null,
  "score_calibration_mode": "none",
  "known_rescue_enabled": false,
  "number_of_tx": 16,
  "number_of_rx_used": "N/A",
  "rx_mode": "not_applicable",
  "rx_used": [
    "N/A"
  ],
  "known_tx_list": [
    "1",
    "2",
    "3",
    "4",
    "5",
    "7",
    "9",
    "13",
    "14",
    "15"
  ],
  "unknown_tx_list": [
    "17",
    "18",
    "19",
    "25",
    "26",
    "32"
  ],
  "known_classes": 10,
  "unknown_classes": 6,
  "train_sample_count": 28000,
  "val_sample_count": 4000,
  "test_known_sample_count": 8000,
  "test_unknown_sample_count": 24000,
  "split_file": "D:\\learn_pytorch\\笔记\\方案\\os_sei_code\\data\\splits\\oracle\\oracle_main_sorted_k10_u6.json",
  "output_dir": "D:\\learn_pytorch\\笔记\\方案\\os_sei_code\\ablations\\03_损失函数消融\\oracle\\ce_prototype",
  "thresholds_per_class": [
    0.3741470158100128,
    0.3789788100382556,
    0.35616298071716146,
    0.3826301246881485,
    0.37617838829755784,
    0.4239917812140092,
    0.3835734750913537,
    0.43416123688220976,
    0.38,
    0.35997853654882184
  ]
}