{
  "fusion_lambda": 0.2,
  "threshold": 0.94,
  "thresholds_per_class": null,
  "threshold_mode": "manual_global",
  "threshold_quantile": null,
  "fusion_mode": "linear",
  "score_calibration": {
    "mode": "none"
  },
  "known_rescue": {
    "enabled": false
  },
  "metrics": {
    "overall_accuracy": 0.47073970037453183,
    "macro_precision": 0.4062854917299641,
    "macro_recall": 0.94481362063542,
    "macro_f1": 0.5270819583660831,
    "weighted_f1": 0.43878583039044156,
    "known_accuracy": 0.98828125,
    "unknown_precision": 0.9802890932982917,
    "unknown_recall": 0.24933155080213903,
    "known_fpr_as_unknown": 0.01171875,
    "unknown_false_accept_rate": 0.7506684491978609,
    "auroc": 0.9457009055397727,
    "fpr95": 0.16953125,
    "oscr": 0.9435405873997327
  }
}