{
  "fusion_lambda": 0.2,
  "threshold": 0.94,
  "thresholds_per_class": null,
  "threshold_mode": "manual_global",
  "threshold_quantile": null,
  "fusion_mode": "linear",
  "score_calibration": {
    "mode": "none"
  },
  "known_rescue": {
    "enabled": false
  },
  "metrics": {
    "overall_accuracy": 0.4716760299625468,
    "macro_precision": 0.40651931842550715,
    "macro_recall": 0.9448922617175212,
    "macro_f1": 0.5275086309924832,
    "weighted_f1": 0.4400846198350291,
    "known_accuracy": 0.98828125,
    "unknown_precision": 0.9803921568627451,
    "unknown_recall": 0.25066844919786097,
    "known_fpr_as_unknown": 0.01171875,
    "unknown_false_accept_rate": 0.7493315508021391,
    "auroc": 0.9457271473930482,
    "fpr95": 0.16875,
    "oscr": 0.9435759682068849
  }
}