{
  "num_evaluated_unknown": 20798,
  "num_true_unknown_classes": 6,
  "num_predicted_clusters": 5,
  "nmi": 0.885428969815264,
  "ari": 0.7601116736187897,
  "purity": 0.7935378401769401,
  "hungarian_accuracy": 0.7935378401769401,
  "method": "unknown_only_gmm_full_direct",
  "feature_mode": "embedding_stats",
  "clustering_backend": "gmm_full_direct",
  "use_known_prototype_anchors": false,
  "resolved_num_clusters": 5,
  "target_num_clusters": 6,
  "fit_num_clusters": 6,
  "overcluster_extra_clusters": 0,
  "overcluster_extra_candidates": [
    0
  ],
  "auto_selected_overcluster_extra_clusters": 0,
  "m_selection_mode": "offline_min_gain",
  "m_selection_min_quality_gain": 0.01,
  "m_selection_offline_quality": 0.8081540809469835,
  "m_selection_offline_coverage": 0.8665833333333334,
  "m_selection_offline_adjusted_quality": 0.7003328573139734,
  "m_selection_offline_nmi": 0.885428969815264,
  "m_selection_offline_ari": 0.7601116736187897,
  "m_selection_offline_purity": 0.7935378401769401,
  "m_selection_offline_hungarian_accuracy": 0.7935378401769401,
  "m_selection_score": -4.306171513924914,
  "m_selection_target_penalty": 1,
  "m_selection_uncertain_ratio": 0.10587329426359242,
  "m_selection_cluster_balance": 0.3997225145919051,
  "m_selection_gmm_mean_confidence": 0.9987022336037253,
  "m_selection_gmm_bic": -3350929.8995088404,
  "direct_confidence_quantile": 0.1,
  "direct_min_cluster_size": 800,
  "selected_unknown_cache_size": 23377,
  "uncertain_size": 2475,
  "uncertain_ratio": 0.10587329426359242,
  "nearest_known_proto_distance_mean": 0.5342053174972534,
  "nearest_known_proto_distance_min": 0.13149823248386383,
  "unknown_cache_precision": 0.9928134491166531,
  "unknown_cache_recall": 0.9670416666666667,
  "coverage_of_selected_true_unknown": 0.8961178853031152,
  "coverage_of_total_test_unknown": 0.8665833333333334,
  "suspected_known_noise_size": 2475,
  "cluster_size_min": 1671,
  "cluster_size_max": 7747,
  "cluster_size_mean": 4180.4,
  "gmm_bic": -3350929.8995088404,
  "gmm_aic": -3580762.8866351745,
  "gmm_lower_bound": 77.80692797350707,
  "gmm_mean_confidence": 0.9987022336037253,
  "gmm_median_confidence": 1.0
}