{
  "fusion_lambda": 0.2,
  "threshold": 0.94,
  "thresholds_per_class": null,
  "threshold_mode": "manual_global",
  "threshold_quantile": null,
  "fusion_mode": "linear",
  "score_calibration": {
    "mode": "none"
  },
  "known_rescue": {
    "enabled": false
  },
  "metrics": {
    "overall_accuracy": 0.4737827715355805,
    "macro_precision": 0.40727766133544385,
    "macro_recall": 0.9450692041522492,
    "macro_f1": 0.5286031762932959,
    "weighted_f1": 0.44304069206168234,
    "known_accuracy": 0.98828125,
    "unknown_precision": 0.9806201550387597,
    "unknown_recall": 0.2536764705882353,
    "known_fpr_as_unknown": 0.01171875,
    "unknown_false_accept_rate": 0.7463235294117647,
    "auroc": 0.9457566531584225,
    "fpr95": 0.16875,
    "oscr": 0.9435834099264706
  }
}