{
  "fusion_lambda": 0.2,
  "threshold": 0.94,
  "thresholds_per_class": null,
  "threshold_mode": "manual_global",
  "threshold_quantile": null,
  "fusion_mode": "linear",
  "score_calibration": {
    "mode": "none"
  },
  "known_rescue": {
    "enabled": false
  },
  "metrics": {
    "overall_accuracy": 0.47425093632958804,
    "macro_precision": 0.4082924268139973,
    "macro_recall": 0.9451085246932998,
    "macro_f1": 0.5293454809433243,
    "weighted_f1": 0.44385478605219586,
    "known_accuracy": 0.98828125,
    "unknown_precision": 0.9806701030927835,
    "unknown_recall": 0.25434491978609625,
    "known_fpr_as_unknown": 0.01171875,
    "unknown_false_accept_rate": 0.7456550802139037,
    "auroc": 0.9457313252005347,
    "fpr95": 0.16875,
    "oscr": 0.9435673514789438
  }
}