{
  "overall_accuracy": 0.94325,
  "macro_precision": 0.9543182620526491,
  "macro_recall": 0.8548219696969697,
  "macro_f1": 0.8922498387465642,
  "weighted_f1": 0.9435499450005103,
  "known_accuracy": 0.842625,
  "unknown_precision": 0.9496091060072103,
  "unknown_recall": 0.9767916666666666,
  "known_fpr_as_unknown": 0.1555,
  "unknown_false_accept_rate": 0.023208333333333334,
  "auroc": 0.9576900755208333,
  "fpr95": 0.094375,
  "oscr": 0.8314088411458332,
  "threshold_strategy_used": "global_confidence_known_quantile",
  "threshold_mode": "global_confidence_known_quantile",
  "threshold": 0.5120939701795578,
  "threshold_quantile": 0.85,
  "known_classes": 10,
  "known_val_sample_count": 4000,
  "test_known_sample_count": 8000,
  "test_unknown_sample_count": 24000,
  "output_dir": "D:\\learn_pytorch\\笔记\\方案\\os_sei_code\\ablations\\01_模块消融\\oracle\\closed_set_only"
}