{
  "metrics": {
    "known_accuracy": {
      "old_manual": 0.963625,
      "current_auto": 0.957,
      "leave_class_out": 0.963875,
      "supervised_calibrator": 0.9455,
      "vs_old_manual_pp": -1.8124999999999947,
      "vs_current_auto_pp": -1.1499999999999955
    },
    "unknown_recall": {
      "old_manual": 0.9670416666666667,
      "current_auto": 0.89,
      "leave_class_out": 0.891875,
      "supervised_calibrator": 0.9651666666666666,
      "vs_old_manual_pp": -0.1875000000000071,
      "vs_current_auto_pp": 7.51666666666666
    },
    "macro_f1": {
      "old_manual": 0.9369046213998843,
      "current_auto": 0.8685791113014609,
      "leave_class_out": 0.8796371187614227,
      "supervised_calibrator": 0.9280577936207467,
      "vs_old_manual_pp": -0.8846827779137589,
      "vs_current_auto_pp": 5.947868231928577
    },
    "auroc": {
      "old_manual": 0.9868361406250001,
      "current_auto": 0.9870036796874999,
      "leave_class_out": 0.9860346276041666,
      "supervised_calibrator": 0.9813703932291666,
      "vs_old_manual_pp": -0.5465747395833498,
      "vs_current_auto_pp": -0.5633286458333275
    }
  },
  "selected": {
    "key": "s1.5_l1.0_e250_r43_q0.96",
    "pseudo_scale": 1.5,
    "fusion_lambda": 1.0,
    "epochs": 250,
    "seed": 43,
    "threshold_quantile": 0.96,
    "fold_metrics": [
      {
        "overall_accuracy": 0.87125,
        "macro_precision": 0.9034816366302003,
        "macro_recall": 0.9077777777777778,
        "macro_f1": 0.8976998842031985,
        "weighted_f1": 0.8715196393726222,
        "known_accuracy": 0.9534375,
        "unknown_precision": 0.768141592920354,
        "unknown_recall": 0.5425,
        "known_fpr_as_unknown": 0.0409375,
        "unknown_false_accept_rate": 0.4575,
        "auroc": 0.943126953125,
        "fpr95": 0.1696875,
        "oscr": 0.9230082031249999,
        "heldout_unknown_recall": 0.5425,
        "selection_score": 0.8007332052867298,
        "feasible": true
      },
      {
        "overall_accuracy": 0.8335,
        "macro_precision": 0.8662675719013836,
        "macro_recall": 0.8851388888888889,
        "macro_f1": 0.8614445912130372,
        "weighted_f1": 0.8234633973978559,
        "known_accuracy": 0.9496875,
        "unknown_precision": 0.6941176470588235,
        "unknown_recall": 0.36875,
        "known_fpr_as_unknown": 0.040625,
        "unknown_false_accept_rate": 0.63125,
        "auroc": 0.883683984375,
        "fpr95": 0.586875,
        "oscr": 0.8644185546875001,
        "heldout_unknown_recall": 0.36875,
        "selection_score": 0.7298227629007057,
        "feasible": false
      },
      {
        "overall_accuracy": 0.8985,
        "macro_precision": 0.9098151386389635,
        "macro_recall": 0.9240277777777778,
        "macro_f1": 0.9147804949461312,
        "weighted_f1": 0.8962404140950082,
        "known_accuracy": 0.9559375,
        "unknown_precision": 0.8020989505247377,
        "unknown_recall": 0.66875,
        "known_fpr_as_unknown": 0.04125,
        "unknown_false_accept_rate": 0.33125,
        "auroc": 0.9176794921875001,
        "fpr95": 0.5403125,
        "oscr": 0.89731328125,
        "heldout_unknown_recall": 0.66875,
        "selection_score": 0.8473354238512946,
        "feasible": true
      },
      {
        "overall_accuracy": 0.8335,
        "macro_precision": 0.8779691365763083,
        "macro_recall": 0.887638888888889,
        "macro_f1": 0.8662971716584682,
        "weighted_f1": 0.8256044362504987,
        "known_accuracy": 0.9553125,
        "unknown_precision": 0.6822660098522167,
        "unknown_recall": 0.34625,
        "known_fpr_as_unknown": 0.0403125,
        "unknown_false_accept_rate": 0.65375,
        "auroc": 0.9103326171875,
        "fpr95": 0.174375,
        "oscr": 0.896126171875,
        "heldout_unknown_recall": 0.34625,
        "selection_score": 0.7265393316081451,
        "feasible": true
      },
      {
        "overall_accuracy": 0.91525,
        "macro_precision": 0.9310859069851328,
        "macro_recall": 0.9243055555555555,
        "macro_f1": 0.9254929861106214,
        "weighted_f1": 0.916475309290417,
        "known_accuracy": 0.935625,
        "unknown_precision": 0.8368883312421581,
        "unknown_recall": 0.83375,
        "known_fpr_as_unknown": 0.040625,
        "unknown_false_accept_rate": 0.16625,
        "auroc": 0.9679703125000001,
        "fpr95": 0.0775,
        "oscr": 0.9301099609375,
        "heldout_unknown_recall": 0.83375,
        "selection_score": 0.9000662135415931,
        "feasible": false
      }
    ],
    "uses_real_unknown_for_selection": false,
    "mean_known_accuracy": 0.95,
    "mean_selection_score": 0.8008993874376937,
    "worst_fold_known_accuracy": 0.935625,
    "mean_metrics": {
      "overall_accuracy": 0.8704000000000001,
      "macro_precision": 0.8977238781463978,
      "macro_recall": 0.9057777777777778,
      "macro_f1": 0.8931430256262913,
      "weighted_f1": 0.8666606392812805,
      "known_accuracy": 0.95,
      "unknown_precision": 0.756702506319658,
      "unknown_recall": 0.5519999999999999,
      "known_fpr_as_unknown": 0.04075,
      "unknown_false_accept_rate": 0.44800000000000006,
      "auroc": 0.9245586718750001,
      "fpr95": 0.30974999999999997,
      "oscr": 0.9021952343749999,
      "heldout_unknown_recall": 0.5519999999999999,
      "selection_score": 0.8008993874376937,
      "feasible": 0.6
    }
  },
  "final_metrics": {
    "overall_accuracy": 0.96025,
    "macro_precision": 0.9190214385507622,
    "macro_recall": 0.9472878787878788,
    "macro_f1": 0.9280577936207467,
    "weighted_f1": 0.962163757950721,
    "known_accuracy": 0.9455,
    "unknown_precision": 0.9852409510441921,
    "unknown_recall": 0.9651666666666666,
    "known_fpr_as_unknown": 0.043375,
    "unknown_false_accept_rate": 0.034833333333333334,
    "auroc": 0.9813703932291666,
    "fpr95": 0.051125,
    "oscr": 0.9415499557291668,
    "threshold_strategy_used": "supervised_calibrator_classwise",
    "threshold_mode": "supervised_calibrator_classwise",
    "threshold": null,
    "threshold_quantile": null,
    "score_calibration_mode": "supervised_calibrator",
    "known_rescue_enabled": false,
    "number_of_tx": 16,
    "number_of_rx_used": "N/A",
    "rx_mode": "not_applicable",
    "rx_used": [
      "N/A"
    ],
    "known_tx_list": [
      "1",
      "2",
      "3",
      "4",
      "5",
      "7",
      "9",
      "13",
      "14",
      "15"
    ],
    "unknown_tx_list": [
      "17",
      "18",
      "19",
      "25",
      "26",
      "32"
    ],
    "known_classes": 10,
    "unknown_classes": 6,
    "train_sample_count": 28000,
    "val_sample_count": 4000,
    "test_known_sample_count": 8000,
    "test_unknown_sample_count": 24000,
    "split_file": "D:\\learn_pytorch\\笔记\\方案\\os_sei_code\\data\\splits\\oracle\\oracle_main_sorted_k10_u6.json",
    "output_dir": "D:\\learn_pytorch\\笔记\\方案\\os_sei_code\\outputs\\oracle_supervised_calibrator\\final",
    "thresholds_per_class": [
      0.8582596778869629,
      0.9155684113502502,
      0.8760507106781006,
      0.676490068435669,
      0.928695559501648,
      0.888663649559021,
      0.8572900295257568,
      0.9039990901947021,
      0.7592424154281616,
      0.8835236430168152
    ]
  },
  "uses_real_unknown_for_selection": false
}