{
  "selected": {
    "key": "s1.5_l1.0_e250_r43_q0.96",
    "pseudo_scale": 1.5,
    "fusion_lambda": 1.0,
    "epochs": 250,
    "seed": 43,
    "threshold_quantile": 0.96,
    "fold_metrics": [
      {
        "overall_accuracy": 0.87125,
        "macro_precision": 0.9034816366302003,
        "macro_recall": 0.9077777777777778,
        "macro_f1": 0.8976998842031985,
        "weighted_f1": 0.8715196393726222,
        "known_accuracy": 0.9534375,
        "unknown_precision": 0.768141592920354,
        "unknown_recall": 0.5425,
        "known_fpr_as_unknown": 0.0409375,
        "unknown_false_accept_rate": 0.4575,
        "auroc": 0.943126953125,
        "fpr95": 0.1696875,
        "oscr": 0.9230082031249999,
        "heldout_unknown_recall": 0.5425,
        "selection_score": 0.8007332052867298,
        "feasible": true
      },
      {
        "overall_accuracy": 0.8335,
        "macro_precision": 0.8662675719013836,
        "macro_recall": 0.8851388888888889,
        "macro_f1": 0.8614445912130372,
        "weighted_f1": 0.8234633973978559,
        "known_accuracy": 0.9496875,
        "unknown_precision": 0.6941176470588235,
        "unknown_recall": 0.36875,
        "known_fpr_as_unknown": 0.040625,
        "unknown_false_accept_rate": 0.63125,
        "auroc": 0.883683984375,
        "fpr95": 0.586875,
        "oscr": 0.8644185546875001,
        "heldout_unknown_recall": 0.36875,
        "selection_score": 0.7298227629007057,
        "feasible": false
      },
      {
        "overall_accuracy": 0.8985,
        "macro_precision": 0.9098151386389635,
        "macro_recall": 0.9240277777777778,
        "macro_f1": 0.9147804949461312,
        "weighted_f1": 0.8962404140950082,
        "known_accuracy": 0.9559375,
        "unknown_precision": 0.8020989505247377,
        "unknown_recall": 0.66875,
        "known_fpr_as_unknown": 0.04125,
        "unknown_false_accept_rate": 0.33125,
        "auroc": 0.9176794921875001,
        "fpr95": 0.5403125,
        "oscr": 0.89731328125,
        "heldout_unknown_recall": 0.66875,
        "selection_score": 0.8473354238512946,
        "feasible": true
      },
      {
        "overall_accuracy": 0.8335,
        "macro_precision": 0.8779691365763083,
        "macro_recall": 0.887638888888889,
        "macro_f1": 0.8662971716584682,
        "weighted_f1": 0.8256044362504987,
        "known_accuracy": 0.9553125,
        "unknown_precision": 0.6822660098522167,
        "unknown_recall": 0.34625,
        "known_fpr_as_unknown": 0.0403125,
        "unknown_false_accept_rate": 0.65375,
        "auroc": 0.9103326171875,
        "fpr95": 0.174375,
        "oscr": 0.896126171875,
        "heldout_unknown_recall": 0.34625,
        "selection_score": 0.7265393316081451,
        "feasible": true
      },
      {
        "overall_accuracy": 0.91525,
        "macro_precision": 0.9310859069851328,
        "macro_recall": 0.9243055555555555,
        "macro_f1": 0.9254929861106214,
        "weighted_f1": 0.916475309290417,
        "known_accuracy": 0.935625,
        "unknown_precision": 0.8368883312421581,
        "unknown_recall": 0.83375,
        "known_fpr_as_unknown": 0.040625,
        "unknown_false_accept_rate": 0.16625,
        "auroc": 0.9679703125000001,
        "fpr95": 0.0775,
        "oscr": 0.9301099609375,
        "heldout_unknown_recall": 0.83375,
        "selection_score": 0.9000662135415931,
        "feasible": false
      }
    ],
    "uses_real_unknown_for_selection": false,
    "mean_known_accuracy": 0.95,
    "mean_selection_score": 0.8008993874376937,
    "worst_fold_known_accuracy": 0.935625,
    "mean_metrics": {
      "overall_accuracy": 0.8704000000000001,
      "macro_precision": 0.8977238781463978,
      "macro_recall": 0.9057777777777778,
      "macro_f1": 0.8931430256262913,
      "weighted_f1": 0.8666606392812805,
      "known_accuracy": 0.95,
      "unknown_precision": 0.756702506319658,
      "unknown_recall": 0.5519999999999999,
      "known_fpr_as_unknown": 0.04075,
      "unknown_false_accept_rate": 0.44800000000000006,
      "auroc": 0.9245586718750001,
      "fpr95": 0.30974999999999997,
      "oscr": 0.9021952343749999,
      "heldout_unknown_recall": 0.5519999999999999,
      "selection_score": 0.8008993874376937,
      "feasible": 0.6
    }
  },
  "formal_training": {
    "num_known": 3200,
    "num_pseudo": 3200,
    "pseudo_scale": 1.5,
    "fusion_lambda": 1.0,
    "threshold_quantile": 0.96,
    "formal_val_known_accuracy": 0.946,
    "formal_threshold_quantiles_per_class": [
      0.96,
      0.96,
      0.96,
      0.96,
      0.96,
      0.96,
      0.96,
      0.96,
      0.96,
      0.96
    ],
    "formal_pseudo_recall": 0.475
  },
  "uses_real_unknown_for_selection": false,
  "training_inputs": [
    "formal val_known scores",
    "formal feature-level pseudo_unknown scores"
  ],
  "config_fingerprint_sha256": "2028b847a543ef903dd60eb21e79b3971aa8cb31e7a3126d65a8d439520d02cd"
}