{
  "num_evaluated_unknown": 9517,
  "num_true_unknown_classes": 12,
  "num_predicted_clusters": 14,
  "nmi": 0.9764360874210143,
  "ari": 0.9555465996878023,
  "purity": 0.9993695492276978,
  "hungarian_accuracy": 0.9219291793632447,
  "method": "unknown_only_gmm_full_direct",
  "feature_mode": "embedding_stats",
  "clustering_backend": "gmm_full_direct",
  "use_known_prototype_anchors": false,
  "resolved_num_clusters": 14,
  "target_num_clusters": 12,
  "fit_num_clusters": 14,
  "overcluster_extra_clusters": 2,
  "overcluster_extra_candidates": [
    2
  ],
  "auto_selected_overcluster_extra_clusters": 2,
  "m_selection_mode": "offline_min_gain",
  "m_selection_min_quality_gain": 0.01,
  "m_selection_offline_quality": 0.9633203539249398,
  "m_selection_offline_coverage": 0.9913541666666666,
  "m_selection_offline_adjusted_quality": 0.9549916466982971,
  "m_selection_offline_nmi": 0.9764360874210143,
  "m_selection_offline_ari": 0.9555465996878023,
  "m_selection_offline_purity": 0.9993695492276978,
  "m_selection_offline_hungarian_accuracy": 0.9219291793632447,
  "m_selection_score": -9.089075359923093,
  "m_selection_target_penalty": 2,
  "m_selection_uncertain_ratio": 0.008615320739049201,
  "m_selection_cluster_balance": 0.5115694691655325,
  "m_selection_gmm_mean_confidence": 0.9999885689609666,
  "m_selection_gmm_bic": -1459776.137257304,
  "direct_confidence_quantile": 0.1,
  "direct_min_cluster_size": 160,
  "selected_unknown_cache_size": 9634,
  "uncertain_size": 83,
  "uncertain_ratio": 0.008615320739049201,
  "nearest_known_proto_distance_mean": 0.3789736330509186,
  "nearest_known_proto_distance_min": 0.040441952645778656,
  "unknown_cache_precision": 0.9964708324683413,
  "unknown_cache_recall": 1.0,
  "coverage_of_selected_true_unknown": 0.9913541666666666,
  "coverage_of_total_test_unknown": 0.9913541666666666,
  "suspected_known_noise_size": 83,
  "cluster_size_min": 349,
  "cluster_size_max": 807,
  "cluster_size_mean": 682.2142857142857,
  "gmm_bic": -1459776.137257304,
  "gmm_aic": -1937078.309310725,
  "gmm_lower_bound": 107.43859516037867,
  "gmm_mean_confidence": 0.9999885689609666,
  "gmm_median_confidence": 1.0
}