{
  "fusion_lambda": 1.0,
  "threshold": null,
  "thresholds_per_class": [
    0.49280440211296084,
    0.5,
    0.5602591633796692,
    0.4111578515690306,
    0.4161634178783582,
    0.453444300138432,
    0.5,
    0.47199897319078443,
    0.45816865071006435,
    0.5152144691736802,
    0.4605086258442505,
    0.45,
    0.3632837235927582,
    0.5286843627691269,
    0.7,
    0.4717748284339905
  ],
  "threshold_mode": "classwise_balanced",
  "threshold_quantile": null,
  "fusion_mode": "linear",
  "score_calibration": {
    "mode": "none"
  },
  "known_rescue": {
    "enabled": false
  },
  "metrics": {
    "overall_accuracy": 0.8579119850187266,
    "macro_precision": 0.7602825240709333,
    "macro_recall": 0.9000432525951557,
    "macro_f1": 0.8129650653048257,
    "weighted_f1": 0.8668734936218807,
    "known_accuracy": 0.90390625,
    "unknown_precision": 0.9532497149372862,
    "unknown_recall": 0.8382352941176471,
    "known_fpr_as_unknown": 0.09609375,
    "unknown_false_accept_rate": 0.16176470588235295,
    "auroc": 0.9338324072526737,
    "fpr95": 0.265625,
    "oscr": 0.8821213339739304
  }
}