{
  "overall_accuracy": 0.9749177631578947,
  "macro_precision": 0.9981886747631914,
  "macro_recall": 0.8878676470588235,
  "macro_f1": 0.9390850940333604,
  "weighted_f1": 0.9742350348122962,
  "known_accuracy": 0.880859375,
  "unknown_precision": 0.9692074709742554,
  "unknown_recall": 1.0,
  "known_fpr_as_unknown": 0.119140625,
  "unknown_false_accept_rate": 0.0,
  "auroc": 0.9963336181640625,
  "fpr95": 0.0109375,
  "oscr": 0.8808297729492188,
  "threshold_strategy_used": "classwise_balanced",
  "threshold_mode": "classwise_balanced",
  "threshold": null,
  "threshold_quantile": null,
  "score_calibration_mode": "none",
  "known_rescue_enabled": false,
  "number_of_tx": 28,
  "number_of_rx_used": 1,
  "rx_mode": "fixed",
  "rx_used": [
    "1-1"
  ],
  "known_tx_list": [
    "13-3",
    "20-7",
    "7-10",
    "6-15",
    "3-13",
    "11-4",
    "8-3",
    "7-11",
    "15-1",
    "3-18",
    "4-11",
    "14-7",
    "11-7",
    "5-5",
    "11-1",
    "1-11"
  ],
  "unknown_tx_list": [
    "20-19",
    "6-1",
    "2-19",
    "16-16",
    "20-15",
    "8-20",
    "10-7",
    "11-17",
    "8-18",
    "10-11",
    "20-12",
    "14-10"
  ],
  "known_classes": 16,
  "unknown_classes": 12,
  "train_sample_count": 8960,
  "val_sample_count": 1280,
  "test_known_sample_count": 2560,
  "test_unknown_sample_count": 9600,
  "split_file": "D:\\learn_pytorch\\笔记\\方案\\os_sei_code\\data\\splits\\wisig\\single_day_rx1_eq0\\wisig_single_day_rx1_eq0_k16_u12_seed42.json",
  "output_dir": "D:\\learn_pytorch\\笔记\\方案\\os_sei_code\\ablations\\03_损失函数消融\\wisig\\ce_only",
  "thresholds_per_class": [
    0.55,
    0.7704529342832772,
    0.6,
    0.49124098702617314,
    0.6218536496162416,
    0.6330824099934619,
    0.6229310339948408,
    0.65,
    0.7466051912826039,
    0.5168324000161628,
    0.5785275240307269,
    0.6341282093913664,
    0.5652569441432542,
    0.6089591761775639,
    0.75,
    0.75
  ]
}