{
  "num_evaluated_unknown": 19615,
  "num_true_unknown_classes": 6,
  "num_predicted_clusters": 6,
  "nmi": 0.9985137662061419,
  "ari": 0.9990181475991656,
  "purity": 0.999643130257456,
  "hungarian_accuracy": 0.999643130257456,
  "method": "unknown_only_gmm_full_direct",
  "feature_mode": "embedding_stats",
  "clustering_backend": "gmm_full_direct",
  "use_known_prototype_anchors": false,
  "resolved_num_clusters": 6,
  "target_num_clusters": 6,
  "fit_num_clusters": 9,
  "overcluster_extra_clusters": 3,
  "overcluster_extra_candidates": [
    3
  ],
  "auto_selected_overcluster_extra_clusters": 3,
  "m_selection_mode": "offline_min_gain",
  "m_selection_min_quality_gain": 0.01,
  "m_selection_offline_quality": 0.999204543580055,
  "m_selection_offline_coverage": 0.8172916666666666,
  "m_selection_offline_adjusted_quality": 0.816641546763449,
  "m_selection_offline_nmi": 0.9985137662061419,
  "m_selection_offline_ari": 0.9990181475991656,
  "m_selection_offline_purity": 0.999643130257456,
  "m_selection_offline_hungarian_accuracy": 0.999643130257456,
  "m_selection_score": 0.7265105309621127,
  "m_selection_target_penalty": 0,
  "m_selection_uncertain_ratio": 0.15827522778799674,
  "m_selection_cluster_balance": 0.5412410428418967,
  "m_selection_gmm_mean_confidence": 0.995852464598681,
  "m_selection_gmm_bic": -3300430.6071249973,
  "direct_confidence_quantile": 0.1,
  "direct_min_cluster_size": 800,
  "selected_unknown_cache_size": 23377,
  "uncertain_size": 3700,
  "uncertain_ratio": 0.15827522778799674,
  "nearest_known_proto_distance_mean": 0.5275115966796875,
  "nearest_known_proto_distance_min": 0.13149823248386383,
  "unknown_cache_precision": 0.9928134491166531,
  "unknown_cache_recall": 0.9670416666666667,
  "coverage_of_selected_true_unknown": 0.8451462794605541,
  "coverage_of_total_test_unknown": 0.8172916666666666,
  "suspected_known_noise_size": 3700,
  "cluster_size_min": 1775,
  "cluster_size_max": 3982,
  "cluster_size_mean": 3279.5,
  "gmm_bic": -3300430.6071249973,
  "gmm_aic": -3645184.1175684542,
  "gmm_lower_bound": 79.79438313748513,
  "gmm_mean_confidence": 0.995852464598681,
  "gmm_median_confidence": 0.9999999999995168
}