{
  "overall_accuracy": 0.9783717105263158,
  "macro_precision": 0.9984314520698272,
  "macro_recall": 0.9033088235294118,
  "macro_f1": 0.9478446673548533,
  "weighted_f1": 0.9778434606908436,
  "known_accuracy": 0.897265625,
  "unknown_precision": 0.9733346851870628,
  "unknown_recall": 1.0,
  "known_fpr_as_unknown": 0.102734375,
  "unknown_false_accept_rate": 0.0,
  "auroc": 0.9959524943033854,
  "fpr95": 0.0109375,
  "oscr": 0.8972359822591146,
  "threshold_strategy_used": "classwise_balanced",
  "threshold_mode": "classwise_balanced",
  "threshold": null,
  "threshold_quantile": null,
  "score_calibration_mode": "none",
  "known_rescue_enabled": false,
  "number_of_tx": 28,
  "number_of_rx_used": 1,
  "rx_mode": "fixed",
  "rx_used": [
    "1-1"
  ],
  "known_tx_list": [
    "13-3",
    "20-7",
    "7-10",
    "6-15",
    "3-13",
    "11-4",
    "8-3",
    "7-11",
    "15-1",
    "3-18",
    "4-11",
    "14-7",
    "11-7",
    "5-5",
    "11-1",
    "1-11"
  ],
  "unknown_tx_list": [
    "20-19",
    "6-1",
    "2-19",
    "16-16",
    "20-15",
    "8-20",
    "10-7",
    "11-17",
    "8-18",
    "10-11",
    "20-12",
    "14-10"
  ],
  "known_classes": 16,
  "unknown_classes": 12,
  "train_sample_count": 8960,
  "val_sample_count": 1280,
  "test_known_sample_count": 2560,
  "test_unknown_sample_count": 9600,
  "split_file": "D:\\learn_pytorch\\笔记\\方案\\os_sei_code\\data\\splits\\wisig\\single_day_rx1_eq0\\wisig_single_day_rx1_eq0_k16_u12_seed42.json",
  "output_dir": "D:\\learn_pytorch\\笔记\\方案\\os_sei_code\\ablations\\01_模块消融\\wisig\\prototype_boundary_modeling",
  "thresholds_per_class": [
    0.6,
    0.7146889162193176,
    0.75,
    0.5465223302011905,
    0.6733268230505616,
    0.6331279881104179,
    0.75,
    0.713662612438202,
    0.6870208547815034,
    0.5815091609954833,
    0.6493674946479177,
    0.6986611566206685,
    0.687824251211208,
    0.7028323507697686,
    0.8375345417986747,
    0.7356997981797099
  ]
}