{
  "fusion_lambda": 1.0,
  "threshold": null,
  "thresholds_per_class": [
    0.4911748319864273,
    0.5,
    0.5648630261421204,
    0.4058263626435529,
    0.4161634178783582,
    0.453444300138432,
    0.5,
    0.4838109388947487,
    0.45,
    0.5152144691736802,
    0.45,
    0.45,
    0.36160929799079894,
    0.5314999208242998,
    0.7,
    0.47202272202657614
  ],
  "threshold_mode": "classwise_balanced",
  "threshold_quantile": null,
  "fusion_mode": "linear",
  "score_calibration": {
    "mode": "none"
  },
  "known_rescue": {
    "enabled": false
  },
  "metrics": {
    "overall_accuracy": 0.8597846441947565,
    "macro_precision": 0.7639306581687885,
    "macro_recall": 0.8980536332179931,
    "macro_f1": 0.8143498237026013,
    "weighted_f1": 0.8684644768002098,
    "known_accuracy": 0.9015625,
    "unknown_precision": 0.9523629489603025,
    "unknown_recall": 0.8419117647058824,
    "known_fpr_as_unknown": 0.0984375,
    "unknown_false_accept_rate": 0.15808823529411764,
    "auroc": 0.9336897090157086,
    "fpr95": 0.26484375,
    "oscr": 0.8799537046707888
  }
}