{
  "fusion_lambda": 1.0,
  "threshold": null,
  "thresholds_per_class": [
    0.49609012724912693,
    0.55,
    0.572983592748642,
    0.41929969025694813,
    0.3945568561553955,
    0.45,
    0.5,
    0.4664438873529434,
    0.44031465170824013,
    0.5133414291946784,
    0.45,
    0.4278342962265014,
    0.37277509570121764,
    0.5341799740946811,
    0.6400408531531043,
    0.47568276392376935
  ],
  "threshold_mode": "classwise_balanced",
  "threshold_quantile": null,
  "fusion_mode": "linear",
  "score_calibration": {
    "mode": "none"
  },
  "known_rescue": {
    "enabled": false
  },
  "metrics": {
    "overall_accuracy": 0.8476744186046512,
    "macro_precision": 0.7853206068193291,
    "macro_recall": 0.8972222222222223,
    "macro_f1": 0.8289405605245237,
    "weighted_f1": 0.8540630978284484,
    "known_accuracy": 0.90234375,
    "unknown_precision": 0.9337221633085896,
    "unknown_recall": 0.8152777777777778,
    "known_fpr_as_unknown": 0.09765625,
    "unknown_false_accept_rate": 0.18472222222222223,
    "auroc": 0.927242115162037,
    "fpr95": 0.2734375,
    "oscr": 0.8780817780671296
  }
}