{
  "overall_accuracy": 0.9767269736842106,
  "macro_precision": 0.9983155864794566,
  "macro_recall": 0.8959558823529411,
  "macro_f1": 0.943575120101152,
  "weighted_f1": 0.9761022828969808,
  "known_accuracy": 0.889453125,
  "unknown_precision": 0.971364970150764,
  "unknown_recall": 1.0,
  "known_fpr_as_unknown": 0.110546875,
  "unknown_false_accept_rate": 0.0,
  "auroc": 0.987150146484375,
  "fpr95": 0.03828125,
  "oscr": 0.8894235229492188,
  "threshold_strategy_used": "classwise_balanced",
  "threshold_mode": "classwise_balanced",
  "threshold": null,
  "threshold_quantile": null,
  "score_calibration_mode": "none",
  "known_rescue_enabled": false,
  "number_of_tx": 28,
  "number_of_rx_used": 1,
  "rx_mode": "fixed",
  "rx_used": [
    "1-1"
  ],
  "known_tx_list": [
    "13-3",
    "20-7",
    "7-10",
    "6-15",
    "3-13",
    "11-4",
    "8-3",
    "7-11",
    "15-1",
    "3-18",
    "4-11",
    "14-7",
    "11-7",
    "5-5",
    "11-1",
    "1-11"
  ],
  "unknown_tx_list": [
    "20-19",
    "6-1",
    "2-19",
    "16-16",
    "20-15",
    "8-20",
    "10-7",
    "11-17",
    "8-18",
    "10-11",
    "20-12",
    "14-10"
  ],
  "known_classes": 16,
  "unknown_classes": 12,
  "train_sample_count": 8960,
  "val_sample_count": 1280,
  "test_known_sample_count": 2560,
  "test_unknown_sample_count": 9600,
  "split_file": "D:\\learn_pytorch\\笔记\\方案\\os_sei_code\\data\\splits\\wisig\\single_day_rx1_eq0\\wisig_single_day_rx1_eq0_k16_u12_seed42.json",
  "output_dir": "D:\\learn_pytorch\\笔记\\方案\\os_sei_code\\ablations\\01_模块消融\\wisig\\openmax_only",
  "thresholds_per_class": [
    0.4911748319864273,
    0.5,
    0.5648630261421204,
    0.4058263626435529,
    0.4161634178783582,
    0.453444300138432,
    0.5,
    0.4838109388947487,
    0.45,
    0.5152144691736802,
    0.45,
    0.45,
    0.36160929799079894,
    0.5314999208242998,
    0.7,
    0.47202272202657614
  ]
}