{
  "overall_accuracy": 0.9765625,
  "macro_precision": 0.9983040257073997,
  "macro_recall": 0.8952205882352942,
  "macro_f1": 0.9431722895789091,
  "weighted_f1": 0.9759336500827667,
  "known_accuracy": 0.888671875,
  "unknown_precision": 0.9711684370257967,
  "unknown_recall": 1.0,
  "known_fpr_as_unknown": 0.111328125,
  "unknown_false_accept_rate": 0.0,
  "auroc": 0.9872524617513021,
  "fpr95": 0.038671875,
  "oscr": 0.8886423543294271,
  "threshold_strategy_used": "classwise_balanced",
  "threshold_mode": "classwise_balanced",
  "threshold": null,
  "threshold_quantile": null,
  "score_calibration_mode": "none",
  "known_rescue_enabled": false,
  "number_of_tx": 28,
  "number_of_rx_used": 1,
  "rx_mode": "fixed",
  "rx_used": [
    "1-1"
  ],
  "known_tx_list": [
    "13-3",
    "20-7",
    "7-10",
    "6-15",
    "3-13",
    "11-4",
    "8-3",
    "7-11",
    "15-1",
    "3-18",
    "4-11",
    "14-7",
    "11-7",
    "5-5",
    "11-1",
    "1-11"
  ],
  "unknown_tx_list": [
    "20-19",
    "6-1",
    "2-19",
    "16-16",
    "20-15",
    "8-20",
    "10-7",
    "11-17",
    "8-18",
    "10-11",
    "20-12",
    "14-10"
  ],
  "known_classes": 16,
  "unknown_classes": 12,
  "train_sample_count": 8960,
  "val_sample_count": 1280,
  "test_known_sample_count": 2560,
  "test_unknown_sample_count": 9600,
  "split_file": "D:\\learn_pytorch\\笔记\\方案\\os_sei_code\\data\\splits\\wisig\\single_day_rx1_eq0\\wisig_single_day_rx1_eq0_k16_u12_seed42.json",
  "output_dir": "D:\\learn_pytorch\\笔记\\方案\\os_sei_code\\ablations\\01_模块消融\\wisig\\openmax_only",
  "thresholds_per_class": [
    0.49609012724912693,
    0.55,
    0.572983592748642,
    0.41929969025694813,
    0.3945568561553955,
    0.45,
    0.5,
    0.4664438873529434,
    0.44031465170824013,
    0.5133414291946784,
    0.45,
    0.4278342962265014,
    0.37277509570121764,
    0.5341799740946811,
    0.6400408531531043,
    0.47568276392376935
  ]
}