{
  "overall_accuracy": 0.9938322368421053,
  "macro_precision": 0.9995440036479709,
  "macro_recall": 0.9724264705882353,
  "macro_f1": 0.9856712063610272,
  "weighted_f1": 0.9937741911013377,
  "known_accuracy": 0.970703125,
  "unknown_precision": 0.9922480620155039,
  "unknown_recall": 1.0,
  "known_fpr_as_unknown": 0.029296875,
  "unknown_false_accept_rate": 0.0,
  "auroc": 0.9975982666015625,
  "fpr95": 0.006640625,
  "oscr": 0.9706220296223957,
  "threshold_strategy_used": "supervised_calibrator_classwise",
  "threshold_mode": "supervised_calibrator_classwise",
  "threshold": null,
  "threshold_quantile": null,
  "score_calibration_mode": "supervised_calibrator",
  "known_rescue_enabled": false,
  "number_of_tx": 28,
  "number_of_rx_used": 1,
  "rx_mode": "fixed",
  "rx_used": [
    "1-1"
  ],
  "known_tx_list": [
    "13-3",
    "20-7",
    "7-10",
    "6-15",
    "3-13",
    "11-4",
    "8-3",
    "7-11",
    "15-1",
    "3-18",
    "4-11",
    "14-7",
    "11-7",
    "5-5",
    "11-1",
    "1-11"
  ],
  "unknown_tx_list": [
    "20-19",
    "6-1",
    "2-19",
    "16-16",
    "20-15",
    "8-20",
    "10-7",
    "11-17",
    "8-18",
    "10-11",
    "20-12",
    "14-10"
  ],
  "known_classes": 16,
  "unknown_classes": 12,
  "train_sample_count": 8960,
  "val_sample_count": 1280,
  "test_known_sample_count": 2560,
  "test_unknown_sample_count": 9600,
  "split_file": "D:\\learn_pytorch\\笔记\\方案\\os_sei_code\\data\\splits\\wisig\\single_day_rx1_eq0\\wisig_single_day_rx1_eq0_k16_u12_seed42.json",
  "output_dir": "D:\\learn_pytorch\\笔记\\方案\\os_sei_code\\outputs\\wisig_supervised_calibrator_formal\\final",
  "thresholds_per_class": [
    0.6348549127578735,
    0.9659217000007629,
    0.964699387550354,
    0.40391620993614197,
    0.81843501329422,
    0.5946923494338989,
    0.9302316904067993,
    0.9648135304450989,
    0.9715424180030823,
    0.9770997762680054,
    0.8651022911071777,
    0.9405428767204285,
    0.9488214254379272,
    0.9075230956077576,
    0.9660982489585876,
    0.9461522698402405
  ]
}