{
  "fusion_lambda": 0.35,
  "threshold": null,
  "thresholds_per_class": [
    0.999999,
    0.999999,
    0.999999,
    0.999999,
    0.999999,
    0.999999,
    0.946937,
    0.968068,
    0.618474,
    0.65
  ],
  "threshold_mode": "manual_classwise",
  "threshold_quantile": null,
  "fusion_mode": "linear",
  "score_calibration": {
    "mode": "classwise_z",
    "means": [
      0.34524303674697876,
      0.35657209157943726,
      0.3550299406051636,
      0.364391028881073,
      0.36593616008758545,
      0.34956496953964233,
      0.3623135983943939,
      0.3682207763195038,
      0.36621350049972534,
      0.3379301428794861
    ],
    "sigmas": [
      0.10652750892734528,
      0.12496024532413483,
      0.12253307713365555,
      0.04985900385475159,
      0.14687383337116242,
      0.13316990597343445,
      0.11003098054027557,
      0.1310737596282959,
      0.07721202237701416,
      0.09442074759101868
    ],
    "counts": [
      382,
      396,
      404,
      400,
      403,
      378,
      415,
      418,
      404,
      400
    ],
    "fallback_mean": 0.357320100069046,
    "fallback_sigma": 0.11350018693304062
  },
  "known_rescue": {
    "enabled": true,
    "rules_per_class": [
      {
        "class_index": 6,
        "max_score": 0.97,
        "max_distance": 0.3,
        "min_margin": 0.0
      },
      {
        "class_index": 8,
        "max_score": 0.85,
        "max_distance": 0.05,
        "min_margin": 1.6
      },
      {
        "class_index": 9,
        "max_score": 0.92,
        "max_distance": 0.095,
        "min_margin": 1.6
      }
    ]
  },
  "metrics": {
    "overall_accuracy": 0.341119815999425,
    "macro_precision": 0.35814588222035787,
    "macro_recall": 0.884089350072907,
    "macro_f1": 0.4308009368994444,
    "weighted_f1": 0.24844876844701166,
    "known_accuracy": 0.9635,
    "unknown_precision": 0.9311064718162839,
    "unknown_recall": 0.0899828508019772,
    "known_fpr_as_unknown": 0.0165,
    "unknown_false_accept_rate": 0.9100171491980228,
    "auroc": 0.8892984464844145,
    "fpr95": 0.26375,
    "oscr": 0.8801478109553111
  }
}