{
  "overall_accuracy": 0.9640625,
  "macro_precision": 0.9771283619457745,
  "macro_recall": 0.8841477272727272,
  "macro_f1": 0.9272714044772733,
  "weighted_f1": 0.9633483220578284,
  "known_accuracy": 0.873125,
  "unknown_precision": 0.9602848865282472,
  "unknown_recall": 0.994375,
  "known_fpr_as_unknown": 0.123375,
  "unknown_false_accept_rate": 0.005625,
  "auroc": 0.9815928619791667,
  "fpr95": 0.0475,
  "oscr": 0.8710132239583336,
  "threshold_strategy_used": "classwise_balanced",
  "threshold_mode": "classwise_balanced",
  "threshold": null,
  "threshold_quantile": null,
  "score_calibration_mode": "none",
  "known_rescue_enabled": false,
  "number_of_tx": 16,
  "number_of_rx_used": "N/A",
  "rx_mode": "not_applicable",
  "rx_used": [
    "N/A"
  ],
  "known_tx_list": [
    "1",
    "2",
    "3",
    "4",
    "5",
    "7",
    "9",
    "13",
    "14",
    "15"
  ],
  "unknown_tx_list": [
    "17",
    "18",
    "19",
    "25",
    "26",
    "32"
  ],
  "known_classes": 10,
  "unknown_classes": 6,
  "train_sample_count": 28000,
  "val_sample_count": 4000,
  "test_known_sample_count": 8000,
  "test_unknown_sample_count": 24000,
  "split_file": "D:\\learn_pytorch\\笔记\\方案\\os_sei_code\\data\\splits\\oracle\\oracle_main_sorted_k10_u6.json",
  "output_dir": "D:\\learn_pytorch\\笔记\\方案\\os_sei_code\\ablations\\01_模块消融\\oracle\\full_method",
  "thresholds_per_class": [
    0.3790201505241187,
    0.3680608868598938,
    0.40687745356041455,
    0.36561052293881124,
    0.46692719252213183,
    0.4879322799651519,
    0.4060960680246354,
    0.4683192253112793,
    0.38,
    0.3643444541355838
  ]
}